"","...1","country","year","res","capacity","members","unit_no","org_count","CF","Tech","CSI","law_year","REscoop","policy_maturity","REscoop.membership","inc","currency","prc","elec","pop","inst","TGC","FIT","premium","support","participation","lq","log_CSI","log_res","log_unit_no","log_policy_maturity","log_REscoop.membership","log_inc","log_prc","log_support","log_participation","log_TGC","log_FIT","log_premium","key","gov_eff","rq","urban","edu","org_size","log_org_size","inst2","CDI","mean_inc","mean_TGC","mean_support","mean_res","mean_prc","w_res","w_inc","w_prc","w_TGC","mean_org_size","log_inst","mean_inst","mean_gov_eff","cappc","mean_rq","mean_urban","mean_CF","mean_Tech","mean_edu","mean_inst2","w_support","w_CF","w_Tech","w_inst","w_inst2","w_edu","log_org_size_c","w_org_size_c","orgpc","shares","sharespc","CDI2","log_cappc"
"1",406,"Austria","2020",36.545,408523.9225,18337,1.97311827956989,186,0.730120062358911,1.13978494623656,0.664978812939777,2021,2012,0,0.982013790037908,42651.5284970142,"EUR",0.2139,7.1562e+10,8916864,74.85500976,0,0.085525,0,0.085525,0.00205644047055108,1.51769149217903,-0.408000099074768,3.59854437793236,0.679615174341369,0,-0.0181499279178097,10.6608183904257,-1.54224666289378,-2.45894654811847,-6.18677871768525,0,-2.45894654811847,0,"Austria 2020",1.9079985,1.4737069,68.5410177924001,41.4,2196.36517473118,7.69455907966582,0.457614790003277,1.53848736081347,10.7911777288692,0,0.03421,37.9592,0.22273,-1.4142,-0.130359338443489,-0.00882999999999998,0,7.69455907966582,4.3155530392872,70.90849528,1.71104024,0.0458147530903241,1.41724698,69.001011711568,0.730120062358911,1.13978494623656,69.001011711568,0.207441181826757,0.051315,0,0,3.94651447999999,0.25017360817652,-27.601011711568,0.263415453340757,-7.43114362632507,-10.7777081995212,22532,-5.98076307321981,1.07998379392816,-3.08314911985539
"2",432,"Austria","2021",34.643,408523.9225,18337,1.97311827956989,186,0.730120062358911,1.13978494623656,0.664978812939777,2021,2012,0,0.99183742884684,45359.6138903104,"EUR",0.22505,7.5193e+10,8955797,69.92186666,0,0.085525,0,0.085525,0.00204750063003885,1.97570899897617,-0.408000099074768,3.54509568502506,0.679615174341369,0,-0.00819606733826776,10.722377426247,-1.49143267924319,-2.45894654811847,-6.19113543452582,0,-2.45894654811847,0,"Austria 2021",1.8163061,1.4481822,68.773601700253,42.4,2196.36517473118,7.69455907966582,0.257208900982432,1.53848736081347,10.7911777288692,0,0.03421,37.9592,0.22273,-3.3162,-0.068800302622158,0.00232000000000002,0,7.69455907966582,4.2473784280733,70.90849528,1.71104024,0.0456155853577297,1.41724698,69.001011711568,0.730120062358911,1.13978494623656,69.001011711568,0.207441181826757,0.051315,0,0,-0.986628620000005,0.0497677191556749,-26.601011711568,0.263415453340757,-7.43114362632507,-10.7820649163618,NA,-5.98076307321981,1.07824179862486,-3.08750583669596
"3",458,"Austria","2022",34.057,408523.9225,18337,1.97311827956989,186,0.730120062358911,1.13978494623656,0.664978812939777,2021,2012,1,0.996315760100564,49700.2423508195,"EUR",0.2249,7.4655e+10,9041851,69.92186666,0,0,0,0,0.00202801395422243,1.68924675938954,-0.408000099074768,3.52803559149621,0.679615174341369,0,-0.00369104342694644,10.8137650883469,-1.49209942001687,0,-6.20069831249658,0,0,0,"Austria 2022",1.7373291,1.4011869,68.998085127906,43.1,2196.36517473118,7.69455907966582,0.184820961098897,1.53848736081347,10.7911777288692,0,0.03421,37.9592,0.22273,-3.9022,0.0225873594776811,0.00217000000000001,0,7.69455907966582,4.2473784280733,70.90849528,1.71104024,0.0451814481901991,1.41724698,69.001011711568,0.730120062358911,1.13978494623656,69.001011711568,0.207441181826757,-0.03421,0,0,-0.986628620000005,-0.0226202207278599,-25.901011711568,0.263415453340757,-7.43114362632507,-10.7916277943325,NA,-5.98076307321981,1.0744181651135,-3.09706871466672
"4",484,"Austria","2023",41.6,408523.9225,18337,1.97311827956989,186,0.730120062358911,1.13978494623656,0.664978812939777,2021,2012,2,0.998341198919826,52326.9636601308,"EUR",0.2249,7.1283e+10,9131761,69.92186666,0,0,0,0,0.00200804642171428,3.39255839112692,-0.408000099074768,3.72810016726722,0.679615174341369,0.693147180559945,-0.00166017841404561,10.865267074754,-1.49209942001687,0,-6.21059295903628,0,0,0,"Austria 2023",1.5790569,1.4120974,69.2265358276021,43.5,2196.36517473118,7.69455907966582,0.105432034656983,1.53848736081347,10.7911777288692,0,0.03421,37.9592,0.22273,3.6408,0.0740893458847722,0.00217000000000001,0,7.69455907966582,4.2473784280733,70.90849528,1.71104024,0.0447365981764087,1.41724698,69.001011711568,0.730120062358911,1.13978494623656,69.001011711568,0.207441181826757,-0.03421,0,0,-0.986628620000005,-0.102009147169774,-25.501011711568,0.263415453340757,-7.43114362632507,-10.8015224408722,NA,-5.98076307321981,1.07046187682792,-3.10696336120642
"5",510,"Austria","2024",42.951,408523.9225,18337,1.97311827956989,186,0.730120062358911,1.13978494623656,0.664978812939777,2021,2012,3,0.999253971166163,53834.0079551256,"EUR",0.2249,NA,9177982,69.92186666,0,0,0,0,0.00199793375057829,NA,-0.408000099074768,3.7600599310463,0.679615174341369,1.09861228866811,-0.000746307251827645,10.8936606645724,-1.49209942001687,0,-6.21564175717424,0,0,0,"Austria 2024",1.5145106,1.3510615,69.4658181096788,44.1,2196.36517473118,7.69455907966582,0.0321292223921966,1.53848736081347,10.7911777288692,0,0.03421,37.9592,0.22273,4.9918,0.102482935703192,0.00217000000000001,0,7.69455907966582,4.2473784280733,70.90849528,1.71104024,0.0445113013405343,1.41724698,69.001011711568,0.730120062358911,1.13978494623656,69.001011711568,0.207441181826757,-0.03421,0,0,-0.986628620000005,-0.175311959434561,-24.901011711568,0.263415453340757,-7.43114362632507,-10.8065712390102,NA,-5.98076307321981,1.06844315884245,-3.11201215934438
"6",0,"Belgium","2005",2.325,15173.28,58887,33,4,0.266196855322379,3,0.643124146102835,2021,2011,0,0,29587.6450107872,"EUR",0.1455,8.8125e+10,10478617,82.8003734,0.1926,0,0,0.1926,0.0056197301609554,3.55340875396928,-0.441417500125962,0.84372003903932,3.49650756146648,0,0,10.295112154893,-1.92757919237059,-1.64713977961811,-5.18147163029412,-1.64713977961811,0,0,"Belgium 2005",1.6989455,1.412689,83.5645449743707,40.6,3793.32,8.24099690406755,0.522257375051879,1.81822238822785,10.5360874315276,0.158895,0.158895,8.28895,0.2480675,-5.96395,-0.240975276634599,-0.1025675,0.033705,7.48079109924392,4.41643257104288,82.5086070635,1.4551728,0.0014480231503833,1.25436581,85.9416222734534,0.267022658250667,2.10975525073419,85.9416222734534,0.282576182461843,0.033705,-0.000825802928288433,0.890244749265809,0.291766336500004,0.239681192590036,-45.3416222734534,0.809853277742481,-6.67093782150144,-14.7785529013802,6405,-7.40001304816925,0.0285509669858199,-6.53755599731265
"7",26,"Belgium","2006",2.658,3664.89,63028,24.8571428571429,7,0.271499266709455,3,0.582503123241923,2021,2011,0,0,30826.0139071468,"EUR",0.1455,90779999999.9999,10547958,82.7356866,0.1926,0,0,0.1926,0.00597537457013007,1.89160348028619,-0.540420731767946,0.977573960291054,3.21314515015922,0,0,10.3361142198565,-1.92757919237059,-1.64713977961811,-5.12010849356795,-1.64713977961811,0,0,"Belgium 2006",1.5280568,1.453742,83.8578905877926,41.9,523.555714285714,6.26064345117246,0.45307092184605,1.45770072205954,10.5360874315276,0.158895,0.158895,8.28895,0.2480675,-5.63095,-0.199973211671159,-0.1025675,0.033705,7.48079109924392,4.41565102769465,82.5086070635,1.4551728,0.000347450188937044,1.25436581,85.9416222734534,0.267022658250667,2.10975525073419,85.9416222734534,0.282576182461843,0.033705,0.00447660845878783,0.890244749265809,0.2270795365,0.170494739384206,-44.0416222734534,-1.17050017515261,-8.65129127439653,-14.2255326955946,7513,-7.24705271228073,-0.0462430114422008,-7.96488924442212
"8",52,"Belgium","2007",3.14,77590.36,63420,16.3333333333333,12,0.271646337463465,2.66666666666667,0.675445951372679,2021,2011,0,0,32338.4718183273,"EUR",0.1683,9.0909e+10,10625700,82.6916643,0.1926,0,0,0.1926,0.0059685479544877,5.65294494817488,-0.392382137554831,1.14422279992016,2.79320800944252,0,0,10.3840128784069,-1.78200717778538,-1.64713977961811,-5.12125160486521,-1.64713977961811,0,0,"Belgium 2007",1.5124984,1.4648803,84.1454309580577,41.3,6465.86333333333,8.7742918218624,0.450357357982827,1.80154662089232,10.5360874315276,0.158895,0.158895,8.28895,0.2480675,-5.14895,-0.152074553120698,-0.0797675,0.033705,7.48079109924392,4.41511880251182,82.5086070635,1.4551728,0.00730214103541414,1.25436581,85.9416222734534,0.267022658250667,2.10975525073419,85.9416222734534,0.282576182461843,0.033705,0.00462367921279777,0.556911415932476,0.183057236500005,0.167781175520983,-44.6416222734534,1.34314819553733,-6.13764290370659,-13.6938795031695,9777,-6.99099818545188,0.436487622503832,-4.91958768130715
"9",78,"Belgium","2008",3.611,117162.0154,66349,15.0666666666667,15,0.278730943631377,2.53333333333333,0.650635745568529,2021,2011,0,0,32842.5757936084,"EUR",0.2062,9.0975e+10,10709973,82.78874375,0.1926,0,0,0.1926,0.00619506697169078,6.39721117111785,-0.429805323985938,1.28398474229532,2.71248479817008,0,0,10.3994809951315,-1.57890870739928,-1.64713977961811,-5.08400195335563,-1.64713977961811,0,0,"Belgium 2008",1.5519592,1.2424396,84.427037120012,42.3,7810.80102666667,8.96326280180827,0.335478649086712,1.70013079296956,10.5360874315276,0.158895,0.158895,8.28895,0.2480675,-4.67795,-0.13660643639615,-0.0418675,0.033705,7.48079109924392,4.41629210710154,82.5086070635,1.4551728,0.0109395248148618,1.25436581,85.9416222734534,0.267022658250667,2.10975525073419,85.9416222734534,0.282576182461843,0.033705,0.0117082853807102,0.423578082599142,0.280136686500001,0.052902466624869,-43.6416222734534,1.5321191754832,-5.94867192376072,-13.4786357203101,11346,-6.85006538352584,0.533261098231073,-4.51537291850187
"10",104,"Belgium","2009",4.746,25700.97,66906,13.5882352941177,17,0.28109417211678,2.35294117647059,0.635137385061323,2021,2011,0,0,32208.1346229743,"EUR",0.189,8.5411e+10,10796493,82.74630397,0.1926,0,0,0.1926,0.00619701230760767,1.54196019649361,-0.453913949063409,1.55730215801357,2.60920436646558,0,0,10.3799743276701,-1.66600826392249,-1.64713977961811,-5.08368798894513,-1.64713977961811,0,0,"Belgium 2009",1.7446252,1.1712766,84.7025801085014,42.5,1511.82176470588,7.3210706693055,0.394787856134924,1.61589771782055,10.5360874315276,0.158895,0.158895,8.28895,0.2480675,-3.54295,-0.156113103857528,-0.0590675,0.033705,7.48079109924392,4.41577934824455,82.5086070635,1.4551728,0.0023804924432406,1.25436581,85.9416222734534,0.267022658250667,2.10975525073419,85.9416222734534,0.282576182461843,0.033705,0.0140715138661128,0.243185925736396,0.237696906500005,0.112211673673081,-43.4416222734534,-0.110072957019566,-7.59086405626348,-13.3615185730823,15450,-6.54936763481266,0.373774305293118,-6.04044790377683
"11",130,"Belgium","2010",6.004,38661.95,78831,12.0952380952381,21,0.285750304743736,2.19047619047619,0.598767637897942,2021,2011,0,0,33338.4913854106,"EUR",0.19665,9.1011e+10,10895586,82.67602118,0.1926,0,0,0.1926,0.0072351317313268,1.13359225533018,-0.51288167282376,1.79242591377122,2.49281182929511,0,0,10.4144679058932,-1.62632978010432,-1.64713977961811,-4.92880671155556,-1.64713977961811,0,0,"Belgium 2010",1.659156,1.1312828,84.9719309583717,43.8,1841.04523809524,7.51808875349785,0.321323106752827,1.36222907297877,10.5360874315276,0.158895,0.158895,8.28895,0.2480675,-2.28495,-0.121619525634419,-0.0514175,0.033705,7.48079109924392,4.41492961053031,82.5086070635,1.4551728,0.00354840483109399,1.25436581,85.9416222734534,0.267022658250667,2.10975525073419,85.9416222734534,0.282576182461843,0.033705,0.0187276464930691,0.0807209397419997,0.167414116500012,0.0387469242909839,-42.1416222734534,0.0869451271727799,-7.39384597207114,-13.1593458733314,21343,-6.2353892150113,0.488040530920789,-5.6412571198336
"12",156,"Belgium","2011",6.302,79765.55,79838,11,24,0.286846435148064,2.04166666666667,0.718858417712415,2021,2011,0,0.0831726964939224,34312.0439953239,"EUR",0.21275,8.921e+10,11038264,82.82211021,0.6741,0,0,0.6741,0.00723284023647197,1.76835650435047,-0.330090856211428,1.84086704333508,2.39789527279837,0,-2.48683615215395,10.4432517084098,-1.54763751152865,-0.394376811122744,-4.92912347950052,-0.394376811122744,0,0,"Belgium 2011",1.7960063,1.0640569,85.2349607044689,42.5,3323.56458333333,8.10879315561819,0.357831765251343,2.1673915706708,10.5360874315276,0.158895,0.158895,8.28895,0.2480675,-1.98695,-0.0928357231178083,-0.0353175,0.515205,7.48079109924392,4.41669505726638,82.5086070635,1.4551728,0.00722627670438033,1.25436581,85.9416222734534,0.267022658250667,2.10975525073419,85.9416222734534,0.282576182461843,0.515205,0.0198237768973972,-0.0680885840675245,0.313503146500011,0.0752555827894995,-43.4416222734534,0.677649529293125,-6.80314156995079,-13.038824509724,23762,-6.14103539505367,0.601683080856567,-4.93003135410577
"13",182,"Belgium","2012",7.086,40252.9675,83073,10.4642857142857,28,0.288600243794989,2,0.627291037069792,2021,2011,0,0.167981614866075,34927.2778477441,"EUR",0.2275,8.8873e+10,11106932,82.95827387,0.6741,0,0,0.6741,0.00747938314558872,0.707438098363397,-0.46634467208961,1.95812100644328,2.34796809884186,0,-1.78390074088834,10.461023403122,-1.48060504059113,-0.394376811122744,-4.89560495756364,-0.394376811122744,0,0,"Belgium 2012",1.8013661,1.1007296,85.4915403816388,43,1437.60598214286,7.2707344966619,0.387383295305804,1.50882136246997,10.5360874315276,0.158895,0.158895,8.28895,0.2480675,-1.20295,-0.0750640284055883,-0.0205675,0.515205,7.48079109924392,4.41833775693046,82.5086070635,1.4551728,0.00362413018284437,1.25436581,85.9416222734534,0.267022658250667,2.10975525073419,85.9416222734534,0.282576182461843,0.515205,0.0215775855443219,-0.109755250734191,0.449666806500005,0.104807112843961,-42.9416222734534,-0.160409129663166,-7.64120022890708,-12.8908754656901,30964,-5.88249945754067,0.554215836703875,-5.62014096902817
"14",208,"Belgium","2013",7.671,21341.38,91205,9.59375,32,0.290226213180523,1.9375,0.554299548238758,2021,2011,0,0.310025518872388,35361.7625022548,"EUR",0.2194,8.9176e+10,11159407,83.03274356,0.6741,0,0,0.6741,0.00817292531762664,0.408155704056361,-0.590050037568873,2.03744698497716,2.26111184478747,0,-1.17110066594778,10.4733863600302,-1.51685873114101,-0.394376811122744,-4.80692837818393,-0.394376811122744,0,0,"Belgium 2013",1.8156516,1.1209955,85.7415410247275,42.7,666.918125,6.50266728725665,0.40986048845591,1.03255131498789,10.5360874315276,0.158895,0.158895,8.28895,0.2480675,-0.61795,-0.0627010714974592,-0.0286675,0.515205,7.48079109924392,4.41923503072454,82.5086070635,1.4551728,0.0019124116541318,1.25436581,85.9416222734534,0.267022658250667,2.10975525073419,85.9416222734534,0.282576182461843,0.515205,0.0232035549298558,-0.172255250734191,0.524136496500006,0.127284305994067,-43.2416222734534,-0.928476339068416,-8.40926743831233,-12.7620574745052,37233,-5.70284263350731,0.512500799104571,-6.25939018724857
"15",234,"Belgium","2014",8.038,91094.91,93180,11.1081081081081,37,0.272977697093607,1.94594594594595,0.683779583885229,2021,2011,0,0.5,36127.7759583166,"EUR",0.207,8.6316e+10,11209057,83.07401994,0,0,0,0,0.0083129205248934,1.21557253577467,-0.380119659073745,2.08418029602701,2.40767530185201,0,-0.693147180559945,10.4948172655992,-1.57503648571677,0,-4.78994428481891,0,0,0,"Belgium 2014",1.5482903,0.9346005,85.9848336685807,44.2,2462.02459459459,7.80873929637549,0.148867943041506,1.86665668137297,10.5360874315276,0.158895,0.158895,8.28895,0.2480675,-0.25095,-0.0412701659283794,-0.0410675,-0.158895,7.48079109924392,4.41973201687947,82.5086070635,1.4551728,0.00812690220060439,1.25436581,85.9416222734534,0.267022658250667,2.10975525073419,85.9416222734534,0.282576182461843,-0.158895,0.00595503884293985,-0.163809304788245,0.565412876500005,-0.133708239420337,-41.7416222734534,0.377595670050425,-7.10319542919349,-12.6213147575455,47403,-5.46579187337009,0.730252084120859,-4.81257546116998
"16",260,"Belgium","2015",8.06,178349.0575,149484,12.5909090909091,44,0.282341313189473,1.95454545454546,0.665366725776714,2021,2011,0,0.689974481127613,36857.439767767,"EUR",0.2239,8.681e+10,11274196,82.93866785,0,0,0,0,0.0132589499064944,2.08670155322604,-0.407416922995109,2.08691355651854,2.53297505282902,0,-0.371100665947778,10.5148127705306,-1.49655575537743,0,-4.32308248993238,0,0,0,"Belgium 2015",1.5255063,1.1764063,86.2212893480444,43.1,4053.38767045455,8.30730827230197,0.28388924911045,1.60854371427743,10.5360874315276,0.158895,0.158895,8.28895,0.2480675,-0.228949999999999,-0.0212746609970189,-0.0241675,-0.158895,7.48079109924392,4.41810139307844,82.5086070635,1.4551728,0.0158192262667777,1.25436581,85.9416222734534,0.267022658250667,2.10975525073419,85.9416222734534,0.282576182461843,-0.158895,0.0153186549388061,-0.155209796188736,0.430060786500007,0.00131306664860686,-42.8416222734534,0.876164645976902,-6.60462645326702,-12.4538374986882,51856,-5.38180120722515,0.896067400345571,-4.14652922638625
"17",286,"Belgium","2016",8.744,99621.405,211344,15.06,50,0.27207787059151,2.02,0.658207466105165,2021,2011,0,0.832018385133924,37812.2975209996,"EUR",0.26445,8.7862e+10,11331422,82.89755225,0,0,0,0,0.0186511454608257,1.21107485478747,-0.418235099320633,2.16836775087424,2.71204222237175,0,-0.183900740888339,10.5403896599423,-1.33010308147015,0,-3.98184771596734,0,0,0,"Belgium 2016",1.3520474,1.3239138,86.4507790979645,44.3,1992.4281,7.59710932469333,0.280476671325256,1.63005296850658,10.5360874315276,0.158895,0.158895,8.28895,0.2480675,0.45505,0.0043022284147014,0.0163825,-0.158895,7.48079109924392,4.41760553516734,82.5086070635,1.4551728,0.00879160664919195,1.25436581,85.9416222734534,0.267022658250667,2.10975525073419,85.9416222734534,0.282576182461843,-0.158895,0.00505521234084255,-0.0897552507341914,0.38894518650001,-0.00209951113658763,-41.6416222734534,0.165965698368264,-7.31482540087566,-12.3310671272028,110617,-4.62926106931989,0.912248957267618,-4.73395780250951
"18",312,"Belgium","2017",9.136,210462.4,223407,13.327868852459,61,0.266923889078437,1.88524590163934,0.826801236584668,2021,2011,0,0.916827303506078,38980.3113064452,"EUR",0.2867,8.8745e+10,11375158,82.99733155,0,0,0,0,0.0196399030237646,2.67650274912928,-0.190190955548323,2.21222265291365,2.5898572453745,0,-0.0868361521539496,10.5708119593417,-1.24931890609281,0,-3.9301919137582,0,0,0,"Belgium 2017",1.1503596,1.2707575,86.6731739531869,45.7,3450.20327868852,8.1461884296486,0.140120826587852,2.7086593338066,10.5360874315276,0.158895,0.158895,8.28895,0.2480675,0.847049999999999,0.0347245278141308,0.0386325,-0.158895,7.48079109924392,4.41880845727978,82.5086070635,1.4551728,0.0185019320171201,1.25436581,85.9416222734534,0.267022658250667,2.10975525073419,85.9416222734534,0.282576182461843,-0.158895,-9.87691722302286e-05,-0.224509349094848,0.488724486500004,-0.142455355873991,-40.2416222734534,0.715044803323537,-6.76574629592038,-12.1360685486414,179100,-4.15124282476591,1.06477184493247,-3.9898801189928
"19",338,"Belgium","2018",9.472,206028.154,229325,12.9014084507042,71,0.260572720967828,1.76056338028169,0.605764231205116,2021,2011,0,0.960834277203236,40210.8714984632,"EUR",0.288,8.854e+10,11427054,82.90157422,0,0,0,0,0.020068602108645,2.31639374457629,-0.501264426032595,2.24834007814165,2.55733648763281,0,-0.0399533331624303,10.6018926733312,-1.24479479884619,0,-3.9085987693896,0,0,0,"Belgium 2018",1.2308189,1.2683788,86.8883449485575,47.4,2901.80498591549,7.97308823129484,0.179847779701292,1.29850631471043,10.5360874315276,0.158895,0.158895,8.28895,0.2480675,1.18305,0.0658052418036217,0.0399325,-0.158895,7.48079109924392,4.41765405134575,82.5086070635,1.4551728,0.0180298573893149,1.25436581,85.9416222734534,0.267022658250667,2.10975525073419,85.9416222734534,0.282576182461843,-0.158895,-0.00644993728283916,-0.349191870452501,0.392967156500006,-0.102728402760552,-38.5416222734534,0.541944604969769,-6.93884649427415,-11.9888143827261,192595,-4.08314944229826,1.09123367742691,-4.01572615143131
"20",364,"Belgium","2019",9.929,145596.434,234993,13.1408450704225,71,0.257558402943632,1.76056338028169,0.705014157015418,2021,2011,0,0.982013790037908,41730.8499100878,"EUR",0.28495,88158000000.0001,11488980,82.67557662,0,0,0,0,0.0204537739642684,1.64518356099805,-0.349537395498553,2.29545976805146,2.57572532380603,0,-0.0181499279178097,10.6389959402626,-1.25544155270113,0,-3.88958786758984,0,0,0,"Belgium 2019",1.1205719,1.2890183,87.0961631189222,47.3,2050.654,7.62591404564524,0.12653535437623,1.70336691381955,10.5360874315276,0.158895,0.158895,8.28895,0.2480675,1.64005,0.102908508735021,0.0368825,-0.158895,7.48079109924392,4.41492423338239,82.5086070635,1.4551728,0.0126727032338815,1.25436581,85.9416222734534,0.267022658250667,2.10975525073419,85.9416222734534,0.282576182461843,-0.158895,-0.00946425530703487,-0.349191870452501,0.166969556500007,-0.156040828085613,-38.6416222734534,0.194770419320172,-7.28602067992375,-11.9942189959971,237559,-3.87872758038038,1.05692755122343,-4.36830495035189
"21",390,"Belgium","2020",13,180522.9977,228096,12.2911392405063,79,0.253666725909474,1.72151898734177,0.66063705256346,2021,2011,0,0.99183742884684,40191.2484387193,"EUR",0.2747,8.5623e+10,11538604,81.4724878,0,0,0,0,0.0197680759301559,0.560519301836217,-0.414550678340959,2.56494935746154,2.5088786158243,0,-0.00819606733826776,10.6014045503775,-1.29207568588091,0,-3.92368696923907,0,0,0,"Belgium 2020",1.1695968,1.3238216,87.2964994991269,48.5,2285.10123670886,7.73416560725228,0.142185035025593,1.56182898785257,10.5360874315276,0.158895,0.158895,8.28895,0.2480675,4.71105,0.0653171188499204,0.0266325,-0.158895,7.48079109924392,4.40026539025009,82.5086070635,1.4551728,0.0156451333020875,1.25436581,85.9416222734534,0.267022658250667,2.10975525073419,85.9416222734534,0.282576182461843,-0.158895,-0.0133559323411929,-0.388236263392419,-1.0361192635,-0.14039114743625,-37.4416222734534,0.303021980927215,-7.1777691183167,-11.8917609887224,261207,-3.78814036577668,1.10071872380917,-4.15759538147014
"22",416,"Belgium","2021",13.017,21448.5,31293,10.5862068965517,29,0.245743773128612,1.72413793103448,0.471005368986516,2021,2011,0,0.996315760100564,43676.7377037932,"EUR",0.2848,8.8999e+10,11586195,81.49075255,0,0,0,0,0.00270088670180331,0.0876384515266851,-0.752885785908575,2.56625619548432,2.35955191760072,0,-0.00369104342694644,10.6845709213612,-1.25596809944432,0,-5.91417515181068,0,0,0,"Belgium 2021",1.2282716,1.3954035,87.4305564090635,50.9,739.603448275862,6.60611416185454,0.219378735927688,0.584355399562624,10.5360874315276,0.158895,0.158895,8.28895,0.2480675,4.72805,0.148483489833541,0.0367325,-0.158895,7.48079109924392,4.40048954816493,82.5086070635,1.4551728,0.00185121172222632,1.25436581,85.9416222734534,0.267022658250667,2.10975525073419,85.9416222734534,0.282576182461843,-0.158895,-0.0212788851220552,-0.385617319699708,-1.0178545135,-0.0631974465341551,-35.0416222734534,-0.825029464470528,-8.30582056371445,-12.8980290311683,129041,-4.49743939885067,0.418814266937586,-6.29191486931375
"23",442,"Belgium","2022",13.831,9812.71,2093,5.7,10,0.236,1.6,0.471005368986516,2021,2011,1,0.998341198919826,48056.4219307701,"EUR",0.3963,8.5064e+10,11680210,81.49075255,0,0,0,0,0.000179191983705772,0.035610466606399,-0.752885785908575,2.62691244964257,1.74046617484051,0,-0.00166017841404561,10.7801310564725,-0.925583778785748,0,-8.62705279220878,0,0,0,"Belgium 2022",1.3103839,1.4079657,87.489200269855,51.4,981.271,6.8888486701415,0.271954680687973,0.584355399562624,10.5360874315276,0.158895,0.158895,8.28895,0.2480675,5.54205,0.244043624944901,0.1482325,-0.158895,7.48079109924392,4.40048954816493,82.5086070635,1.4551728,0.000840114176029369,1.25436581,85.9416222734534,0.267022658250667,2.10975525073419,85.9416222734534,0.282576182461843,-0.158895,-0.031022658250667,-0.509755250734191,-1.0178545135,-0.0106215017738705,-34.5416222734534,-0.542294956183566,-8.02308605542748,-13.9708214216607,NA,-4.49743939885067,-0.151929977489799,-7.08197275151924
"24",468,"Belgium","2023",14.673,9812.71,2093,5.7,10,0.236,1.6,0.471005368986516,2021,2011,2,0.999253971166163,51135.7437461937,"EUR",0.4064,8.1655e+10,11779946,81.49075255,0,0,0,0,0.000177674838237798,0.0711380551952538,-0.752885785908575,2.68600907022533,1.74046617484051,0.693147180559945,-0.000746307251827645,10.8422390178922,-0.900417382717865,0,-8.63555542969046,0,0,0,"Belgium 2023",1.1646047,1.2914096,87.551492636772,50,981.271,6.8888486701415,0.119707359716353,0.584355399562624,10.5360874315276,0.158895,0.158895,8.28895,0.2480675,6.38405,0.30615158636459,0.1583325,-0.158895,7.48079109924392,4.40048954816493,82.5086070635,1.4551728,0.000833001271822468,1.25436581,85.9416222734534,0.267022658250667,2.10975525073419,85.9416222734534,0.282576182461843,-0.158895,-0.031022658250667,-0.509755250734191,-1.0178545135,-0.16286882274549,-35.9416222734534,-0.542294956183566,-8.02308605542748,-13.9793240591424,NA,-4.49743939885067,-0.155329683071034,-7.09047538900092
"25",494,"Belgium","2024",14.336,321.21,159,8.5,2,0.236,2.5,0.471005368986516,2021,2011,3,0.999664649869534,52305.6074868808,"EUR",0.33335,NA,11858610,81.49075255,0,0,0,0,1.34079795186788e-05,NA,-0.752885785908575,2.66277385623258,2.14006616349627,1.09861228866811,-0.000335406372895663,10.864858862028,-1.09856228991807,0,-11.2196605417705,0,0,0,"Belgium 2024",1.1947395,1.2435483,87.6126557010527,50.7,160.605,5.07894793427834,0.106209197868397,0.584355399562624,10.5360874315276,0.158895,0.158895,8.28895,0.2480675,6.04705,0.328771430500371,0.0852825,-0.158895,7.48079109924392,4.40048954816493,82.5086070635,1.4551728,2.70866484351876e-05,1.25436581,85.9416222734534,0.267022658250667,2.10975525073419,85.9416222734534,0.282576182461843,-0.158895,-0.031022658250667,0.390244749265809,-1.0178545135,-0.176366984593447,-35.2416222734534,-2.35219569204672,-9.83298679129064,-15.5954175634308,NA,-4.49743939885067,-1.13417300193468,-10.5164696291525
"26",398,"Croatia","2020",31.023,10250,1200,1,1,0.3,1,0.664922222094145,2023,2021,0,0,12964.0639506454,"EUR",0.1304,1.6299e+10,3914206,54.64167895,0,0,0,0,0.000306575586466323,0.167190417263685,-0.408085204423475,3.43472886487095,0,0,0,9.46993649719014,-2.03714862948958,0,-8.09004622135602,0,0,0,"Croatia 2020",0.5056587,0.2017786,56.5284863367411,37,10250,9.23503298456655,-1.65228265035178,1.71795458884149,9.75963600336231,0,0,28.9922,0.13961,2.0308,-0.289699506172173,-0.00921,0,5.93131661569876,4.00079694227947,54.010163638,0.68723908,0.00261866646773318,0.31252334,57.0107296008966,0.18,1,57.0107296008966,-1.50138643885146,0,0.12,0,0.631515311999998,-0.150896211500324,-20.0107296008966,1.80388935824149,-4.12742725745727,-15.1801230571321,150,-10.1694877630359,-0.399111494686852,-5.94509007256556
"27",424,"Croatia","2021",31.285,10447,4800,1.25,4,0.18,1,0.662682062763638,2023,2021,0,0.0831726964939224,15040.8281968899,"EUR",0.1302,1.7481e+10,3878981,53.85228481,0,0,0,0,0.0012374383891027,0.217324264773227,-0.411459947156885,3.44313874945033,0.22314355131421,0,-2.48683615215395,9.61852366227031,-2.03868354920767,0,-6.69471185134449,0,0,0,"Croatia 2021",0.7557995,0.3318001,56.7683502560171,36.2,2611.75,7.86777577371762,-1.45630035592838,1.69887788822869,9.75963600336231,0,0,28.9922,0.13961,2.2928,-0.141112341092004,-0.00940999999999997,0,5.93131661569876,3.98624483185737,54.010163638,0.68723908,0.00269323309394916,0.31252334,57.0107296008966,0.18,1,57.0107296008966,-1.50138643885146,0,0,0,-0.157878828000001,0.0450860829230726,-20.8107296008966,0.436632147392551,-5.49468446830621,-13.7847886871206,600,-8.77415339302433,0.0476177903667126,-5.91701291340297
"28",450,"Croatia","2022",28.088,197,3600,1.33333333333333,3,0.14,1,0.662682062763638,2023,2021,0,0.167981614866075,17536.1338101758,"EUR",0.14165,1.7256e+10,3855641,53.85228481,0,0,0,0,0.00093369688723613,0.00352420039173724,-0.411459947156885,3.33534243886613,0.287682072451781,0,-1.78390074088834,9.77201882031716,-1.95439605270561,0,-6.97635870427439,0,0,0,"Croatia 2022",0.7162336,0.2993308,56.9977571733605,36,65.6666666666667,4.18459144006988,-1.49814351586548,1.69887788822869,9.75963600336231,0,0,28.9922,0.13961,-0.904199999999999,0.0123828169548439,0.00204000000000001,0,5.93131661569876,3.98624483185737,54.010163638,0.68723908,5.10939685515327e-05,0.31252334,57.0107296008966,0.18,1,57.0107296008966,-1.50138643885146,0,-0.04,0,-0.157878828000001,0.00324292298597562,-21.0107296008966,-3.24655218625519,-9.17786880195395,-14.0664355400505,NA,-8.77415339302433,-0.528885165428657,-9.8818440999806
"29",476,"Croatia","2023",28.088,197,3600,1.33333333333333,3,0.14,1,0.662682062763638,2023,2021,0,0.310025518872388,20516.2623850748,"EUR",0.148,1.7307e+10,3859686,53.85228481,0,0,0,0,0.000932718361027296,0.00673814324897537,-0.411459947156885,3.33534243886613,0.287682072451781,0,-1.17110066594778,9.92897313771744,-1.91054300521802,0,-6.97740726653769,0,0,0,"Croatia 2023",0.7487411,0.4438308,57.2431560672198,38.8,65.6666666666667,4.18459144006988,-1.39012885229903,1.69887788822869,9.75963600336231,0,0,28.9922,0.13961,-0.904199999999999,0.169337134355123,0.00839000000000001,0,5.93131661569876,3.98624483185737,54.010163638,0.68723908,5.10404214228826e-05,0.31252334,57.0107296008966,0.18,1,57.0107296008966,-1.50138643885146,0,-0.04,0,-0.157878828000001,0.111257586552423,-18.2107296008966,-3.24655218625519,-9.17786880195395,-14.0674841023138,NA,-8.77415339302433,-0.529304423921861,-9.88289266224391
"30",502,"Croatia","2024",26.477,197,3600,1.33333333333333,3,0.14,1,0.662682062763638,2023,2021,1,0.5,22219.551963168,"EUR",0.1478,NA,3866200,53.85228481,0,0,0,0,0.000931146862552377,NA,-0.411459947156885,3.2762764315993,0.287682072451781,0,-0.693147180559945,10.0087278993165,-1.91189527046804,0,-6.97909354602553,0,0,0,"Croatia 2024",0.7097625,0.2858764,57.5158981711443,39.4,65.6666666666667,4.18459144006988,-1.5100768198126,1.69887788822869,9.75963600336231,0,0,28.9922,0.13961,-2.5152,0.249091895954207,0.00819,0,5.93131661569876,3.98624483185737,54.010163638,0.68723908,5.09544255341162e-05,0.31252334,57.0107296008966,0.18,1,57.0107296008966,-1.50138643885146,0,-0.04,0,-0.157878828000001,-0.00869038096114716,-17.6107296008966,-3.24655218625519,-9.17786880195395,-14.0691703818016,NA,-8.77415339302433,-0.529978668095937,-9.88457894173174
"31",391,"Denmark","2020",31.681,2274083,41217,1.85446009389671,213,0.0473388200856727,1.01408450704225,0.747843773240389,2020,2018,0,0.310025518872388,398976.348405976,"EUR",0.2826,3.3204e+10,5831404,90.82683009,0,0,0.0586111456,0.0586111456,0.00706810915518801,18.2080896260194,-0.290561182126095,3.45571713210461,0.617593599191697,0,-1.17110066594778,12.896657416937,-1.26372280873171,-2.83683040253229,-4.95216228106895,0,0,-2.83683040253229,"Denmark 2020",1.9999488,1.9761315,88.2394485473632,47.1,10676.4460093897,9.27579528647735,1.25719890011556,1.93313954328942,13.0244353022523,0,0.0247824415,40.9464,0.37266,-9.2654,-0.127777885315293,-0.09006,0,9.19957686615007,4.50895472753267,90.752533186,2.03153284,0.389971780380848,1.9828731,88.4275622549312,0.0517198967449382,1.01571969997217,88.4275622549312,1.27658957107366,0.0338287041,-0.00438107665926543,-0.00163519292992076,0.0742969040000077,-0.0193906709581038,-41.3275622549312,1.84465166015228,-7.35492520599779,-10.2174761869516,1.23112e+11,9.95759199444695,2.27309622919499,-0.941680900474236
"32",417,"Denmark","2021",41.494,2539833,42571,1.88185654008439,237,0.0473388200856727,1.0126582278481,0.756846035608837,2020,2018,1,0.5,435953.032689044,"EUR",0.3174,3.5916e+10,5856733,90.73395896,0,0,0.0305094979,0.0305094979,0.00726872814587928,25.7158033442647,-0.278595433801634,3.72554883847095,0.632258810884933,0,-0.693147180559945,12.9852897933383,-1.14759247088983,-3.48971723728835,-4.92417394828765,0,0,-3.48971723728835,"Denmark 2021",2.1905145,1.9974993,88.2616449318149,49.1,10716.5949367089,9.2795487476666,1.37181819519962,1.97305046490714,13.0244353022523,0,0.0247824415,40.9464,0.37266,0.547600000000003,-0.0391455089139825,-0.05526,0,9.19957686615007,4.50793169674958,90.752533186,2.03153284,0.433660370039064,1.9828731,88.4275622549312,0.0517198967449382,1.01571969997217,88.4275622549312,1.27658957107366,0.0057270564,-0.00438107665926543,-0.00306147212407382,-0.0185742259999984,0.0952286241259621,-39.3275622549312,1.84840512134153,-7.35117174480855,-10.11504235642,6.1556e+10,9.26011066899291,2.27597163318237,-0.835493608753379
"33",443,"Denmark","2022",41.368,5125927,36985,2.2037422037422,481,0.0546406145177818,1.04365904365904,0.756846035608837,2020,2018,2,0.689974481127613,479629.315215202,"EUR",0.5215,3.4516e+10,5903037,90.73395896,0,0,0.0304990982,0.0304990982,0.00626541896993022,45.8444173691659,-0.278595433801634,3.72250763509392,0.790156917000352,0.693147180559945,-0.371100665947778,13.0807688245694,-0.65104600454131,-3.490058163019,-5.07270981818054,0,0,-3.490058163019,"Denmark 2022",2.0983389,2.020588,88.3880239837703,49,10656.8128898129,9.2739546745753,1.33604179437424,1.97305046490714,13.0244353022523,0,0.0247824415,40.9464,0.37266,0.421600000000005,0.0563335223170771,0.14884,0,9.19957686615007,4.50793169674958,90.752533186,2.03153284,0.868354204793228,1.9828731,88.4275622549312,0.0517198967449382,1.01571969997217,88.4275622549312,1.27658957107366,0.0057166567,0.00292071777284362,0.0279393436868693,-0.0185742259999984,0.0594522233005816,-39.4275622549312,1.84281104825024,-7.35676581789984,-9.41511025209674,NA,9.26011066899291,2.46335040735699,-0.14115557752144
"34",469,"Denmark","2023",43.728,856277,17199,1.64754098360656,122,0.0546406145177818,1.00819672131148,0.756846035608837,2020,2018,3,0.832018385133924,468799.799628448,"EUR",0.36825,3.4957e+10,5946952,90.73395896,0,0,0.0021473814,0.0021473814,0.00289206975270693,14.5002647373296,-0.278595433801634,3.77798862918571,0.499283863325819,1.09861228866811,-0.183900740888339,13.0579310898311,-0.998993223639397,-6.14350613263908,-5.84578285578321,0,0,-6.14350613263908,"Denmark 2023",1.9559634,1.9894408,88.552638542867,49,7018.66393442623,8.85632815617488,1.23902658786367,1.97305046490714,13.0244353022523,0,0.0247824415,40.9464,0.37266,2.7816,0.033495787578806,-0.00440999999999997,0,9.19957686615007,4.50793169674958,90.752533186,2.03153284,0.143985860319707,1.9828731,88.4275622549312,0.0517198967449382,1.01571969997217,88.4275622549312,1.27658957107366,-0.0226350601,0.00292071777284362,-0.00752297866069962,-0.0185742259999984,-0.0375629832099957,-39.4275622549312,1.42518452984981,-7.77439233630026,-10.7943683326264,NA,9.26011066899291,1.92483771582893,-1.93804017645157
"35",495,"Denmark","2024",46.461,265750,1354,2.125,24,0.0546406145177818,1,0.756846035608837,2020,2018,4,0.916827303506078,489690.768701046,"EUR",0.37355,NA,5976992,90.73395896,0,0,0.0021450844,0.0021450844,0.000226535354238386,NA,-0.278595433801634,3.83861325100215,0.75377180237638,1.38629436111989,-0.0868361521539496,13.1015293865857,-0.984703414560327,-6.1445763800569,-8.39260953586916,0,0,-6.1445763800569,"Denmark 2024",1.9128986,1.9307059,88.6960552688405,51.2,11072.9166666667,9.31225746585625,1.17886237781522,1.97305046490714,13.0244353022523,0,0.0247824415,40.9464,0.37266,5.5146,0.077094084333396,0.000890000000000002,0,9.19957686615007,4.50793169674958,90.752533186,2.03153284,0.044462164245828,1.9828731,88.4275622549312,0.0517198967449382,1.01571969997217,88.4275622549312,1.27658957107366,-0.0226373571,0.00292071777284362,-0.0157196999721747,-0.0185742259999984,-0.097727193258444,-37.2275622549312,1.88111383953118,-7.31846302661889,-12.4253741589934,NA,9.26011066899291,1.23105356509091,-3.11311669313719
"36",74,"Finland","2007",29.561,550,1046,3,1,0.4,1,0.514892049124998,2023,NA,0,0,35369.4277632395,"EUR",0.1149,9.0763e+10,5288720,87.46764937,0,0,0,0,0.000197779424889198,0.0401354112138574,-0.663798013639868,3.38645592500712,1.09861228866811,0,0,10.4736031034777,-2.16369309412743,0,-8.52835816395759,0,0,0,"Finland 2007",1.8931493,1.7544417,69.0200377316963,39.3,550,6.30991827822652,0.968883543528871,0.869891706193965,10.599806125063,0,0.0230666666666667,39.2382222222222,0.165177777777778,-9.67722222222222,-0.126203021585299,-0.0502777777777778,0,7.74434740576805,4.47126900351402,86.0438092277778,2.06012973888889,0.00010399491748476,1.90262180555556,71.5621465915419,0.589339058006645,1.24571989738656,71.5621465915419,1.11361942016108,-0.0230666666666667,-0.189339058006645,-0.245719897386564,1.42384014222222,-0.144735876632212,-32.2621465915419,-1.12122534809855,-8.8655727538666,-15.4810868085825,29343,-5.19427751262385,-0.685144663979411,-9.17116853035594
"37",100,"Finland","2008",31.071,4000,440,2,1,0.575,1,0.514892049124998,2023,NA,0,0,36559.0839310204,"EUR",0.1248,86873999999.9999,5313399,87.54608751,0,0,0,0,8.28095160931825e-05,0.228715759459517,-0.663798013639868,3.43627490827485,0.693147180559945,0,0,10.5066849686628,-2.08104282304681,0,-9.39896757451523,0,0,0,"Finland 2008",1.9976827,1.7666189,69.2943672196361,38.3,4000,8.29404964010203,1.03556994758902,1.45601783994519,10.599806125063,0,0.0230666666666667,39.2382222222222,0.165177777777778,-8.16722222222222,-0.0931211564002208,-0.0403777777777778,0,7.74434740576805,4.47216536909823,86.0438092277778,2.06012973888889,0.000752813782665296,1.90262180555556,71.5621465915419,0.589339058006645,1.24571989738656,71.5621465915419,1.11361942016108,-0.0230666666666667,-0.0143390580066449,-0.245719897386564,1.50227828222222,-0.0780494725720657,-33.2621465915419,0.862906013776962,-6.88144139199109,-15.4857423014275,NA,0.187110627321768,-0.295443105259357,-7.19169266132551
"38",126,"Finland","2009",31.045,1000,126382,3,1,0.75,1,0.640097200970524,2023,NA,0,0,34039.9683753363,"EUR",0.12925,81385999999.9999,5338871,87.3925449,0,0,0,0,0.0236720460187182,0.0629633390127118,-0.446135237644046,3.43543776481686,1.09861228866811,0,0,10.4352906536427,-2.0460067655936,0,-3.74346041987133,0,0,0,"Finland 2009",2.1588192,1.9463818,69.546259966947,39.4,1000,6.90775527898214,1.23149796945702,2.04214397369642,10.599806125063,0,0.0230666666666667,39.2382222222222,0.165177777777778,-8.19322222222222,-0.164515471420341,-0.0359277777777778,0,7.74434740576805,4.47040998039635,86.0438092277778,2.06012973888889,0.00018730551833899,1.90262180555556,71.5621465915419,0.589339058006645,1.24571989738656,71.5621465915419,1.11361942016108,-0.0230666666666667,0.160660941993355,-0.245719897386564,1.34873567222222,0.117878549295934,-32.1621465915419,-0.523388347342929,-8.26773575311098,-15.4905247653624,1.399e+09,5.56849876726739,0.37565104307634,-8.58276948638023
"39",152,"Finland","2010",32.166,1000,126382,3,1,0.75,1,0.64559734811679,2023,NA,0,0,35080.1140779125,"EUR",0.13475,8.8414e+10,5363352,87.34711881,0,0.0429,0,0.0429,0.0235639950538395,0.0301818573656511,-0.437579269660624,3.47090999407346,1.09861228866811,0,0,10.4653896984168,-2.00433406919303,-3.14888345304817,-3.74803536522598,0,-3.14888345304817,0,"Finland 2010",2.1469591,1.9607069,69.7855798796947,39.2,1000,6.90775527898214,1.23275217988371,2.0698094123264,10.599806125063,0,0.0230666666666667,39.2382222222222,0.165177777777778,-7.07222222222222,-0.134416426646281,-0.0304277777777778,0,7.74434740576805,4.46989005160562,86.0438092277778,2.06012973888889,0.00018645056300612,1.90262180555556,71.5621465915419,0.589339058006645,1.24571989738656,71.5621465915419,1.11361942016108,0.0198333333333333,0.160660941993355,-0.245719897386564,1.30330958222221,0.119132759722629,-32.3621465915419,-0.523388347342929,-8.26773575311098,-15.495099710717,1.678e+09,5.7457687342744,0.381574064644919,-8.58734443173489
"40",178,"Finland","2011",32.532,1000,126382,3,1,0.75,1,0.649438366945526,2023,NA,0,0,36682.4466173942,"EUR",0.15565,8.466e+10,5388272,87.42891074,0,0.0429,0,0.0429,0.0234550148916016,0.0233609088733214,-0.431647340452598,3.48222422030453,1.09861228866811,0,0,10.5100536258197,-1.86014538209452,-3.14888345304817,-3.75267095230098,0,-3.14888345304817,0,"Finland 2011",2.2380912,1.9132285,70.0583261874252,39.4,1000,6.90775527898214,1.25494752098222,2.08564823287216,10.599806125063,0,0.0230666666666667,39.2382222222222,0.165177777777778,-6.70622222222222,-0.0897524992433194,-0.00952777777777777,0,7.74434740576805,4.47082601446255,86.0438092277778,2.06012973888889,0.000185588255381317,1.90262180555556,71.5621465915419,0.589339058006645,1.24571989738656,71.5621465915419,1.11361942016108,0.0198333333333333,0.160660941993355,-0.245719897386564,1.38510151222222,0.14132810082114,-32.1621465915419,-0.523388347342929,-8.26773575311098,-15.499735297792,1.495e+09,5.62565674599705,0.374467893455993,-8.59198001880988
"41",204,"Finland","2012",34.222,10608.32,129038,2.66666666666667,9,0.75,1.44444444444444,0.61499795033831,2023,NA,0,0,37011.28062932,"EUR",0.1554,84945999999.9999,5413971,87.50303931,0,0.0429,0,0.0429,0.023834261395194,0.195058132032205,-0.48613634396441,3.53286871210978,0.980829253011726,0,0,10.5189780270328,-1.86175284104859,-3.14888345304817,-3.73663117904992,0,-3.14888345304817,0,"Finland 2012",2.2730989,2.0005462,70.3661363168712,39.7,1178.70222222222,7.07216930054696,1.3306078891236,1.50850234918827,10.599806125063,0,0.0230666666666667,39.2382222222222,0.165177777777778,-5.01622222222222,-0.0808280980301994,-0.00977777777777777,0,7.74434740576805,4.47167352773175,86.0438092277778,2.06012973888889,0.00195943421196752,1.90262180555556,71.5621465915419,0.589339058006645,1.24571989738656,71.5621465915419,1.11361942016108,0.0198333333333333,0.160660941993355,0.19872454705788,1.45923008222222,0.216988468962514,-31.8621465915419,-0.358974325778105,-8.10332173154615,-13.3072688153226,1857900501,5.83821953157681,1.04568663182686,-6.23509951477566
"42",230,"Finland","2013",36.63,45857.14,133242,3.77777777777778,27,0.690535640708694,1.40740740740741,0.636812063048522,2023,NA,0,0,37414.607025004,"EUR",0.15685,84369999999.9998,5438972,85.79263194,0,0.0429,0,0.0429,0.024497644040087,0.926979811301069,-0.451280701401922,3.60086757679072,1.32913594727994,0,0,10.529816469319,-1.85246534434545,-3.14888345304817,-3.70917832768438,0,-3.14888345304817,0,"Finland 2013",2.2328225,1.9418273,70.6742118159277,40,1698.41259259259,7.43744932474721,1.22533525733709,1.4759308769305,10.599806125063,0,0.0230666666666667,39.2382222222222,0.165177777777778,-2.60822222222222,-0.0699896557440791,-0.0083277777777778,0,7.74434740576805,4.45193312798129,86.0438092277778,2.06012973888889,0.00843121457510721,1.90262180555556,71.5621465915419,0.589339058006645,1.24571989738656,71.5621465915419,1.11361942016108,0.0198333333333333,0.101196582702049,0.161687510020843,-0.251177287777779,0.111715837176005,-31.5621465915419,0.00630569842214612,-7.7380417073459,-12.2132637643824,1958989031,5.88659374622109,1.4158682107732,-4.77581443963516
"43",256,"Finland","2014",38.633,129589.68,138275,3.77777777777778,45,0.559245982694685,1.48888888888889,0.646098333833598,2023,NA,0,0,37691.9431834994,"EUR",0.15505,83295000000.0001,5461512,85.79333668,0,0.0429,0,0.0429,0.0253180804143614,1.7919651504204,-0.436803567227103,3.65410683351268,1.32913594727994,0,0,10.5372016419367,-1.86400763343568,-3.14888345304817,-3.67623649759901,0,-3.14888345304817,0,"Finland 2014",2.0675854,1.8789118,70.9879168940753,40.3,2879.77066666667,7.96546594032975,1.09603270874658,1.55326754587245,10.599806125063,0,0.0230666666666667,39.2382222222222,0.165177777777778,-0.605222222222217,-0.0626044831263801,-0.0101277777777778,0,7.74434740576805,4.45194134240588,86.0438092277778,2.06012973888889,0.0237278028501997,1.90262180555556,71.5621465915419,0.589339058006645,1.24571989738656,71.5621465915419,1.11361942016108,0.0198333333333333,-0.03009307531196,0.243168991502325,-0.25047254777779,-0.0175867114145052,-31.2621465915419,0.534322314004688,-7.21002509176336,-11.7065737426916,2057447717,5.93149584679514,1.63568482076127,-3.74110780236182
"44",282,"Finland","2015",39.23,138966.06,138295,3.92,50,0.559245982694685,1.46,0.651484297626096,2023,NA,0,0,38359.4873356862,"EUR",0.1541,82501000000.0002,5479531,87.044717,0,0.0429,0,0.0429,0.0252384738766876,1.71083768775165,-0.428501984586286,3.66944176022146,1.36609165380237,0,0,10.5547571643535,-1.87015353665607,-3.14888345304817,-3.67938570761072,0,-3.14888345304817,0,"Finland 2015",1.9234691,1.8686997,71.3054930040604,40.2,2779.3212,7.92996200420781,1.04527422137948,1.58035170880898,10.599806125063,0,0.0230666666666667,39.2382222222222,0.165177777777778,-0.0082222222222228,-0.0450489607095506,-0.0110777777777778,0,7.74434740576805,4.46642197511348,86.0438092277778,2.06012973888889,0.0253609405622489,1.90262180555556,71.5621465915419,0.589339058006645,1.24571989738656,71.5621465915419,1.11361942016108,0.0198333333333333,-0.03009307531196,0.214280102613436,1.00090777222222,-0.0683451987815995,-31.3621465915419,0.498818377882748,-7.2455290278853,-11.6045070658919,2417047717,6.08928260939525,1.66754273739092,-3.67454506168412
"45",308,"Finland","2016",38.943,157316.28,138319,3.94642857142857,56,0.531712430045992,1.46428571428571,0.654831958251189,2023,NA,0,0,39254.7963233329,"EUR",0.1543,85121999999.9999,5495303,87.00636778,0,0.0429,0,0.0429,0.0251704046164515,1.97401868264914,-0.423376628550315,3.66209903857897,1.3728110107826,0,0,10.5778289150654,-1.86885651961302,-3.14888345304817,-3.68208639461841,0,-3.14888345304817,0,"Finland 2016",1.9380968,1.8147025,71.6158383428171,40.7,2809.21928571429,7.94066188945932,1.01844922940841,1.53865727700856,10.599806125063,0,0.0230666666666667,39.2382222222222,0.165177777777778,-0.295222222222222,-0.0219772099976296,-0.0108777777777778,0,7.74434740576805,4.46598130884968,86.0438092277778,2.06012973888889,0.0286274078062666,1.90262180555556,71.5621465915419,0.589339058006645,1.24571989738656,71.5621465915419,1.11361942016108,0.0198333333333333,-0.0576266279606533,0.21856581689915,0.96255855222222,-0.0951701907526761,-30.8621465915419,0.509518263134257,-7.23482914263379,-11.4940525946018,2600178062,6.15944147967649,1.70388282673865,-3.55339070514248
"46",334,"Finland","2017",40.857,155016.28,131542,3.92592592592593,54,0.531712430045992,1.48148148148148,0.659369313624758,2023,NA,0,0,40794.7113165901,"EUR",0.159,85180000000.0001,5508214,85.40128433,0,0.0429,0,0.0429,0.0238810619921448,2.05388793588792,-0.416471486241514,3.71007816525493,1.36760222810774,0,0,10.6163077273969,-1.83885107676191,-3.14888345304817,-3.73466951941372,0,-3.14888345304817,0,"Finland 2017",2.1101082,1.8324158,71.9563038312956,40.3,2870.67185185185,7.96230137607967,1.07944533253611,1.5593567657779,10.599806125063,0,0.0230666666666667,39.2382222222222,0.165177777777778,1.61877777777778,0.0165016023338396,-0.00617777777777778,0,7.74434740576805,4.44736113967441,86.0438092277778,2.06012973888889,0.028142748266498,1.90262180555556,71.5621465915419,0.589339058006645,1.24571989738656,71.5621465915419,1.11361942016108,0.0198333333333333,-0.0576266279606533,0.235761584094917,-0.64252489777779,-0.0341740876249725,-31.2621465915419,0.531157749754606,-7.21318965601344,-11.5327669440897,2960878062,6.28700071320623,1.69520684787765,-3.57046556801006
"47",360,"Finland","2018",41.185,158240.98,120365,3.63636363636364,55,0.531712430045992,1.45454545454546,0.665830541733992,2023,NA,0,0,42045.8614547119,"EUR",0.1655,8.7175e+10,5515525,86.84552921,0,0.0222,0,0.0222,0.0218229452318682,1.80697580557016,-0.406720082658418,3.71807411239321,1.29098418131557,0,0,10.6465162409312,-1.79878408416502,-3.8076629901039,-3.82479332914025,0,-3.8076629901039,0,"Finland 2018",2.1598194,1.8525188,72.3423467740343,40.3,2877.10872727273,7.96454115472926,1.15846566720717,1.59421665319154,10.599806125063,0,0.0230666666666667,39.2382222222222,0.165177777777778,1.94677777777778,0.0467101158681693,0.000322222222222224,0,7.74434740576805,4.46413101421762,86.0438092277778,2.06012973888889,0.0286901029367105,1.90262180555556,71.5621465915419,0.589339058006645,1.24571989738656,71.5621465915419,1.11361942016108,-0.000866666666666665,-0.0576266279606533,0.208825557158891,0.80171998222221,0.0448462470460838,-31.2621465915419,0.533397528404193,-7.21094987736386,-11.5157442158295,3655778062,6.49649738249152,1.69986693106681,-3.5512030611002
"48",386,"Finland","2019",42.807,149212.9,116668,3.74,50,0.511868105504718,1.46,0.668087202023775,2023,NA,0,0,43197.2147233975,"EUR",0.17585,85630000000.0002,5521606,85.34801087,0,0.0222,0,0.0222,0.0211293598275574,1.73582436131551,-0.403336572013592,3.75670164061655,1.31908561142644,0,0,10.6735312981582,-1.73812392006215,-3.8076629901039,-3.85709174466323,0,-3.8076629901039,0,"Finland 2019",2.1491065,1.9937531,72.7431214358314,42,2984.258,8.00110641871211,1.20006565591135,1.57929094849513,10.599806125063,0,0.0230666666666667,39.2382222222222,0.165177777777778,3.56877777777778,0.0737251730952,0.0106722222222222,0,7.74434740576805,4.44673714340355,86.0438092277778,2.06012973888889,0.0270234602034263,1.90262180555556,71.5621465915419,0.589339058006645,1.24571989738656,71.5621465915419,1.11361942016108,-0.000866666666666665,-0.0774709525019268,0.214280102613436,-0.69579835777779,0.0864462357502709,-29.5621465915419,0.569962792387043,-7.17438461338101,-11.6121563125387,3655748719,6.49538743908247,1.67280931799343,-3.61104989382658
"49",412,"Finland","2020",43.939,137905.66,113588,3.66666666666667,42,0.52305491605519,1.47619047619048,0.66934877052957,2023,NA,0,0,42749.8257993473,"EUR",0.17565,81221999999.9998,5529543,84.10588253,0,0.0138,0,0.0138,0.0205420230930476,0.45139514929149,-0.401450023564393,3.78280230839071,1.29928298413026,0,0,10.6631203994875,-1.7392619002703,-4.28308668681898,-3.88528258405224,0,-4.28308668681898,0,"Finland 2020",2.1354229,1.9717616,73.0849439791673,43.8,3283.4680952381,8.09665548889069,1.14499962673547,1.5760390422544,10.599806125063,0,0.0230666666666667,39.2382222222222,0.165177777777778,4.70077777777778,0.0633142744244903,0.0104722222222222,0,7.74434740576805,4.43207651138172,86.0438092277778,2.06012973888889,0.0249397933970312,1.90262180555556,71.5621465915419,0.589339058006645,1.24571989738656,71.5621465915419,1.11361942016108,-0.00926666666666667,-0.066284141951455,0.230470578803912,-1.93792669777778,0.0313802065743871,-27.7621465915419,0.66551186256562,-7.07883554320243,-11.7879461116556,3655719376,6.49394300054177,1.63045804090183,-3.69129062276491
"50",438,"Finland","2021",42.819,94619.14,106994,3.85714285714286,14,0.548503781580915,1.28571428571429,0.674682317084404,2023,NA,0,0,44895.0075410344,"EUR",0.18035,86697999999.9998,5541017,84.19136378,0,0.0138,0,0.0138,0.0193094516764702,0.396874151845545,-0.393513340252451,3.75698192931574,1.34992671694902,0,0,10.7120818769254,-1.71285587163259,-4.28308668681898,-3.9471605787776,0,-4.28308668681898,0,"Finland 2021",2.1560517,2.0110043,73.3710215780329,40.1,6758.51,8.81855773054105,1.18309210935203,1.62703109644486,10.599806125063,0,0.0230666666666667,39.2382222222222,0.165177777777778,3.58077777777778,0.112275751862329,0.0151722222222222,0,7.74434740576805,4.43309234805434,86.0438092277778,2.06012973888889,0.0170761324139594,1.90262180555556,71.5621465915419,0.589339058006645,1.24571989738656,71.5621465915419,1.11361942016108,-0.00926666666666667,-0.0408352764257296,0.0399943883277221,-1.85244544777778,0.0694726891909463,-31.4621465915419,1.38741410421598,-6.35693330155207,-12.8886312862678,3655807405,6.49189419411013,1.39355838277392,-4.07007355572674
"51",464,"Finland","2022",47.74,4000,20,2,1,0.548503781580915,1,0.674682317084404,2023,NA,0,0,47899.5541121786,"EUR",0.1934,81886999999.9998,5556106,84.19136378,0,0,0,0,3.59964334733715e-06,0.0150792427176805,-0.393513340252451,3.86576962091068,0.693147180559945,0,0,10.7768614746329,-1.64299469596294,0,-12.5346757875941,0,0,0,"Finland 2022",1.8972063,1.9092509,73.6967597835949,40.7,4000,8.29404964010203,0.978511178117226,1.62703109644486,10.599806125063,0,0.0230666666666667,39.2382222222222,0.165177777777778,8.50177777777778,0.17705534956986,0.0282222222222222,0,7.74434740576805,4.43309234805434,86.0438092277778,2.06012973888889,0.000719928669467429,1.90262180555556,71.5621465915419,0.589339058006645,1.24571989738656,71.5621465915419,1.11361942016108,-0.0230666666666667,-0.0408352764257296,-0.245719897386564,-1.85244544777778,-0.135108242043857,-30.8621465915419,0.862906013776962,-6.88144139199109,-15.5304080611481,NA,6.49189419411013,-0.371941720809973,-7.23635842104607
"52",490,"Finland","2023",50.784,4000,20,2,1,0.548503781580915,1,0.674682317084404,2023,NA,0,0,48863.2429850691,"EUR",0.248,80359999999.9998,5583911,84.19136378,0,0,0,0,3.58171897797082e-06,0.0294656394473643,-0.393513340252451,3.927581344344,0.693147180559945,0,0,10.7967807156151,-1.39432653281716,0,-12.5396677113479,0,0,0,"Finland 2023",1.787685,1.8669036,74.0062548602828,39.2,4000,8.29404964010203,0.892391242815466,1.62703109644486,10.599806125063,0,0.0230666666666667,39.2382222222222,0.165177777777778,11.5457777777778,0.196974590552021,0.0828222222222222,0,7.74434740576805,4.43309234805434,86.0438092277778,2.06012973888889,0.000716343795594163,1.90262180555556,71.5621465915419,0.589339058006645,1.24571989738656,71.5621465915419,1.11361942016108,-0.0230666666666667,-0.0408352764257296,-0.245719897386564,-1.85244544777778,-0.221228177345618,-32.3621465915419,0.862906013776962,-6.88144139199109,-15.5353999849019,NA,6.49189419411013,-0.37393769806803,-7.24135034479988
"53",516,"Finland","2024",52.124,4000,20,2,1,0.548503781580915,1,0.674682317084404,2023,NA,1,0,49104.5142885715,"EUR",0.2404,NA,5619911,84.19136378,0,0,0,0,3.55877521903817e-06,NA,-0.393513340252451,3.95362549528266,0.693147180559945,0,0,10.8017062502604,-1.42545107632109,0,-12.5460941118916,0,0,0,"Finland 2024",1.8171611,1.9635191,74.2637190463636,39.1,4000,8.29404964010203,0.968828282788678,1.62703109644486,10.599806125063,0,0.0230666666666667,39.2382222222222,0.165177777777778,12.8857777777778,0.20190012519739,0.0752222222222222,0,7.74434740576805,4.43309234805434,86.0438092277778,2.06012973888889,0.000711755043807633,1.90262180555556,71.5621465915419,0.589339058006645,1.24571989738656,71.5621465915419,1.11361942016108,-0.0230666666666667,-0.0408352764257296,-0.245719897386564,-1.85244544777778,-0.144791137372405,-32.4621465915419,0.862906013776962,-6.88144139199109,-15.5418263854455,NA,6.49189419411013,-0.376507238383317,-7.24777674534352
"54",7,"France","2005",9.272,59373.16,17441,3.25,16,0.364143570142792,1.25,0.743567311719589,2022,2010,0,0,27888.9503456221,"EUR",0.1194,4.83502e+11,63180854,82.20260598,0,0.088954001,0,0.088954001,0.000276048816940651,2.53429236242665,-0.296295983595999,2.22699910603745,1.17865499634165,0,0,10.2359858444032,-2.12527607802364,-2.41963588555585,-8.19493283491393,0,-2.41963588555585,0,"France 2005",1.7144505,1.3267578,77.4363315105438,39.9,3710.8225,8.21900882914329,0.460698866759742,2.17028848241717,10.4171607217409,0,0.16377870005,15.0091,0.1675375,-5.7371,-0.181174877337737,-0.0481375,0,7.63723888367353,4.40918700447932,81.4822709925,1.477631715,0.000939733419874318,1.223770455,77.9209932793741,0.26182549127768,1.1541560982061,77.9209932793741,0.247703032869728,-0.07482469905,0.102318078865112,0.0958439017939032,0.72033498750001,0.212995833890014,-38.0209932793741,0.787865202818227,-6.8493736808553,-15.1889231479428,86512410,0.314286559637022,-0.0825190578488888,-6.96991431879952
"55",33,"France","2006",8.936,16310.66,3597,2.45454545454546,11,0.195593220338983,1.09090909090909,0.507397786309684,2022,2010,0,0,29015.2915150467,"EUR",0.11925,4.79723e+11,63622342,82.22560646,0,0.2834,0,0.2834,5.65367430202428e-05,1.59309007761408,-0.678459994637501,2.1900880617669,0.897941593205959,0,0,10.2755782636205,-2.12653314921369,-1.26089595172556,-9.78061981223526,0,-1.26089595172556,0,"France 2006",1.463733,1.3022689,77.3467240068648,41.5,1482.78727272727,7.30167888796976,0.309460350982908,0.512997574579127,10.4171607217409,0,0.16377870005,15.0091,0.1675375,-6.0731,-0.141582458120418,-0.0482875,0,7.63723888367353,4.40946676766361,81.4822709925,1.477631715,0.00025636685930235,1.223770455,77.9209932793741,0.26182549127768,1.1541560982061,77.9209932793741,0.247703032869728,0.11962129995,-0.0662322709386972,-0.0632470072970057,0.743335467500003,0.0617573181131806,-36.4209932793741,-0.129464738355306,-7.76670362202884,-15.5705799831325,85511878,0.295690592303671,-0.481709558920804,-8.26890109516275
"56",59,"France","2007",9.426,12546,1786,8.2,5,0.474961828609326,1.4,0.591624429161431,2022,2010,0,0,30271.3283947408,"EUR",0.1222,4.81342e+11,64016890,82.13892032,0,0.2834,0,0.2834,2.7898887309271e-05,0.172633626875504,-0.52488325562172,2.24347182850154,2.10413415427021,0,0,10.3179562859138,-2.10209623224464,-1.26089595172556,-10.4869237513204,0,-1.26089595172556,0,"France 2007",1.5196924,1.3437547,77.2457976606157,41.4,2509.2,7.82771925622259,0.363504135474656,1.0767532868109,10.4171607217409,0,0.16377870005,15.0091,0.1675375,-5.5831,-0.0992044358270974,-0.0453375,0,7.63723888367353,4.40841196405439,81.4822709925,1.477631715,0.00019597952977722,1.223770455,77.9209932793741,0.26182549127768,1.1541560982061,77.9209932793741,0.247703032869728,0.11962129995,0.213136337331645,0.245843901793903,0.656649327500006,0.115801102604928,-36.5209932793741,0.396575629897522,-7.24066325377601,-16.3652196003227,85511374,0.289502441542333,-0.723901056307073,-8.53750034410013
"57",85,"France","2008",11.188,28270.66,2993,2.44444444444445,9,0.483728813559322,1.22222222222222,0.484549635505895,2022,2010,0,0,30912.5609963949,"EUR",0.1208,4.92337e+11,64375116,81.75551518,0,0.2834,0,0.2834,4.64931201056011e-05,0.285232750617201,-0.724535406034045,2.41484177533971,0.893817876022097,0,0,10.3389178850229,-2.11361899348142,-1.26089595172556,-9.9762062110356,0,-1.26089595172556,0,"France 2008",1.6286144,1.3061458,77.1561901569367,40.6,3141.18444444444,8.0523552193824,0.388873040128212,0.582078210444368,10.4171607217409,0,0.16377870005,15.0091,0.1675375,-3.8211,-0.0782428367180277,-0.0467375,0,7.63723888367353,4.40373327147731,81.4822709925,1.477631715,0.000439155092163251,1.223770455,77.9209932793741,0.26182549127768,1.1541560982061,77.9209932793741,0.247703032869728,0.11962129995,0.221903322281642,0.0680661240161253,0.273244187500012,0.141170007258484,-37.3209932793741,0.621211593057331,-7.0160272906162,-15.7830131415521,85522462,0.284051893965847,-0.470789756216435,-7.73065792216968
"58",111,"France","2009",12.215,25303.4,4435,5.46153846153846,13,0.294237288135593,1.15384615384615,0.388423437491486,2022,2010,0,0,29917.2743805578,"EUR",0.12065,4.75113e+11,64706436,81.69229813,0,0.2834,0,0.2834,6.85403226349849e-05,0.272909982996742,-0.945659200689678,2.5026647047097,1.69773051957978,0,0,10.3061913310324,-2.1148614869111,-1.26089595172556,-9.58808833427787,0,-1.26089595172556,0,"France 2009",1.5501891,1.1753528,77.1005391809676,42.9,1946.41538461538,7.57374469557668,0.262690645951162,0.0114528238354163,10.4171607217409,0,0.16377870005,15.0091,0.1675375,-2.7941,-0.110969390708547,-0.0468875,0,7.63723888367353,4.40295972728761,81.4822709925,1.477631715,0.000391049199495395,1.223770455,77.9209932793741,0.26182549127768,1.1541560982061,77.9209932793741,0.247703032869728,0.11962129995,0.032411796857913,-0.000309944359942804,0.210027137500006,0.0149876130814347,-35.0209932793741,0.142601069251616,-7.49463781442191,-15.42042187156,85512699,0.278804220172286,-0.383559015362377,-7.84667717598333
"59",137,"France","2010",12.671,43745.054,34767,6.76190476190476,21,0.194237288135593,1.09523809523809,0.566229772803768,2022,2010,0,0.0831726964939224,30696.4694590617,"EUR",0.13165,5.0316e+11,65026211,81.86329563,0,0.2834,0,0.2834,0.000534661322954831,0.232000996411754,-0.568755324140764,2.53931591781677,1.91130461987784,0,-2.48683615215395,10.3319029256286,-2.02760839303982,-1.26089595172556,-7.53387705272938,0,-1.26089595172556,0,"France 2010",1.4409639,1.2341536,77.0962844808803,42.7,2083.09780952381,7.64161139624297,0.244609281936796,1.07608147474422,10.4171607217409,0,0.16377870005,15.0091,0.1675375,-2.3381,-0.085257796112268,-0.0358875,0,7.63723888367353,4.4050507295991,81.4822709925,1.477631715,0.000672729555163532,1.223770455,77.9209932793741,0.26182549127768,1.1541560982061,77.9209932793741,0.247703032869728,0.11962129995,-0.067588203142087,-0.0589180029680019,0.381024637500005,-0.00309375093293118,-35.2209932793741,0.210467769917906,-7.42677111375562,-14.9457785550085,85512573,0.273872982995512,-0.0145838045090613,-7.30416715876548
"60",163,"France","2011",10.813,34772.654,36537,5.30769230769231,13,0.372796610169492,1.07692307692308,0.679829305641354,2022,2010,0,0.167981614866075,31559.7674532142,"EUR",0.14025,4.8027e+11,65340830,81.81842792,0,0.36312,0,0.36312,0.000559175633367375,0.143192535541721,-0.385913533438714,2.3807491139634,1.66915714713572,0,-1.78390074088834,10.3596384065301,-1.96432873457933,-1.01302192083393,-7.48904694208673,0,-1.01302192083393,0,"France 2011",1.4686756,1.108929,77.1182717387509,42.8,2674.81953846154,7.89163719479706,0.180217999514777,1.50661724398006,10.4171607217409,0,0.16377870005,15.0091,0.1675375,-4.1961,-0.0575223152108268,-0.0272875,0,7.63723888367353,4.40450249843253,81.4822709925,1.477631715,0.000532173435813411,1.223770455,77.9209932793741,0.26182549127768,1.1541560982061,77.9209932793741,0.247703032869728,0.19934129995,0.110971118891811,-0.0772330212830197,0.336156927500014,-0.0674850333549502,-35.1209932793741,0.460493568471992,-7.17674531520154,-15.4301783093804,1916,-10.4371327083111,-0.587937928893576,-7.53854111458335
"61",189,"France","2012",13.239,32719.064,40365,4.2,10,0.318740920096852,1.1,0.668839222639533,2022,2010,0,0.310025518872388,31805.6831724689,"EUR",0.14465,4.90714e+11,65657659,81.92914791,0,0.2179,0,0.2179,0.000614779762403652,0.104143652522917,-0.402211572640104,2.58316701895552,1.43508452528932,0,-1.17110066594778,10.3674002689158,-1.93343824755999,-1.52371903703156,-7.39424646420718,0,-1.52371903703156,0,"France 2012",1.5129077,1.1365688,77.1669464919916,42.6,3271.9064,8.0931280909565,0.224603413057389,1.4584650550033,10.4171607217409,0,0.16377870005,15.0091,0.1675375,-1.7701,-0.0497604528250779,-0.0228875,0,7.63723888367353,4.40585482387994,81.4822709925,1.477631715,0.000498328214839338,1.223770455,77.9209932793741,0.26182549127768,1.1541560982061,77.9209932793741,0.247703032869728,0.05412129995,0.0569154288191721,-0.0541560982060967,0.446876917500006,-0.0230996198123388,-35.3209932793741,0.661984464631433,-6.9752544190421,-15.6973797230423,37158,-7.47703044587018,-0.500791583697706,-7.60425163208575
"62",215,"France","2013",13.88,77102.684,65229,4.17948717948718,39,0.272910391111654,1.20512820512821,0.679484006470673,2022,2010,0,0.5,32127.5506026462,"EUR",0.156,4.95394e+11,65997932,81.93292999,0,0.2179,0,0.2179,0.000988349150091551,0.265442288926079,-0.386421582870778,2.63044895507866,1.43018855467712,0,-0.693147180559945,10.3774692152371,-1.8578992717326,-1.52371903703156,-6.9194745318633,0,-1.52371903703156,0,"France 2013",1.4742784,1.1440293,77.2440721470918,43.9,1976.9918974359,7.58933172474841,0.208328539899571,1.68800865050622,10.4171607217409,0,0.16377870005,15.0091,0.1675375,-1.1291,-0.0396915065037664,-0.0115375,0,7.63723888367353,4.40590098562827,81.4822709925,1.477631715,0.00116825909029998,1.223770455,77.9209932793741,0.26182549127768,1.1541560982061,77.9209932793741,0.247703032869728,0.05412129995,0.0110848998339742,0.0509721069221083,0.450658997500014,-0.0393744929701569,-34.0209932793741,0.158188098423342,-7.47905078525019,-14.3415723200368,86704293,0.272879989929382,0.221477792932038,-6.75224059528841
"63",241,"France","2014",14.362,100661.659,70126,6.8135593220339,59,0.245912120143758,1.1864406779661,0.657119130149119,2022,2010,0,0.689974481127613,32478.7508131816,"EUR",0.16435,4.71257e+11,66312067,81.94053969,0,0.1789,0,0.1789,0.00105751491655357,0.246027891097957,-0.41988995250693,2.66458582968813,1.9189146447133,0,-0.371100665947778,10.3883413333507,-1.80575697887191,-1.72092828846746,-6.85183354165531,0,-1.72092828846746,0,"France 2014",1.4539502,1.0322133,77.3524296788613,44.3,1706.12981355932,7.44198281751274,0.127581778934814,1.5880354711964,10.4171607217409,0,0.16377870005,15.0091,0.1675375,-0.6471,-0.0288193883901879,-0.00318750000000001,0,7.63723888367353,4.40599385850172,81.4822709925,1.477631715,0.0015179991147011,1.223770455,77.9209932793741,0.26182549127768,1.1541560982061,77.9209932793741,0.247703032869728,0.01512129995,-0.0159133711339222,0.0322845797600053,0.458268697500003,-0.120121253934914,-33.6209932793741,0.0108391911876735,-7.62639969248586,-13.9323450007225,1497535,-3.79055146364243,0.151896484981259,-6.49036218320973
"64",267,"France","2015",14.803,118234.699,82056,6.68055555555556,72,0.252930014554359,1.15277777777778,0.66611890363628,2022,2010,0,0.832018385133924,33079.7710269622,"EUR",0.1679,4.797e+11,66548272,81.98333499,0,0.1789,0,0.1789,0.00123302976221531,0.250342455970948,-0.406287090388635,2.69482986293136,1.89920115108971,0,-0.183900740888339,10.4066772273169,-1.78438671489864,-1.72092828846746,-6.69828091704152,0,-1.72092828846746,0,"France 2015",1.4592807,1.1137263,77.7610919150066,44.8,1642.14859722222,7.40376078361699,0.182595441115289,1.6217464328202,10.4171607217409,0,0.16377870005,15.0091,0.1675375,-0.206099999999999,-0.0104834944240171,0.000362499999999988,0,7.63723888367353,4.4065159947806,81.4822709925,1.477631715,0.00177667571894278,1.223770455,77.9209932793741,0.26182549127768,1.1541560982061,77.9209932793741,0.247703032869728,0.01512129995,-0.00889547672332069,-0.00137832042831887,0.501063997500012,-0.0651075917544383,-33.1209932793741,-0.0273828427080796,-7.66462172638161,-13.7367720180127,87286862,0.271272379901512,0.39836480261203,-6.33301123439573
"65",293,"France","2016",15.451,101197.279,84379,6.78571428571429,84,0.261105277437964,1.15476190476191,0.64220791851889,2022,2010,0,0.916827303506078,33448.4701360696,"EUR",0.1698,4.85543e+11,66724104,81.82776876,0,0.1789,0,0.1789,0.00126459547512245,0.222618138778798,-0.442843167102383,2.73767372616828,1.91481956198528,0,-0.0868361521539496,10.417761328668,-1.77313400510489,-1.72092828846746,-6.67300299045588,0,-1.72092828846746,0,"France 2016",1.4200425,1.1025649,78.5999114705779,44.2,1204.72951190476,7.09401034927894,0.150005836211085,1.4874724206141,10.4171607217409,0,0.16377870005,15.0091,0.1675375,0.4419,0.000600606927092073,0.0022625,0,7.63723888367353,4.40461665739497,81.4822709925,1.477631715,0.00151665249787393,1.223770455,77.9209932793741,0.26182549127768,1.1541560982061,77.9209932793741,0.247703032869728,0.01512129995,-0.000720213839716488,0.00060580655580833,0.345497767500007,-0.0976971966586424,-33.7209932793741,-0.337133277046127,-7.97437216071966,-13.5852600260711,87412755,0.2700749432785,0.406226120789908,-6.49124967679217
"66",319,"France","2017",15.847,79765.854,75339,7.20754716981132,53,0.278209455790553,1.15094339622642,0.656163133986069,2022,2010,0,0.960834277203236,34246.0894688755,"EUR",0.173,4.83753e+11,66918020,81.83028931,0,0.077,0,0.077,0.00112584024452606,0.186093162717036,-0.421345841096946,2.76298020796067,1.97512869505445,0,-0.0399533331624303,10.4413276610806,-1.75446368448436,-2.56394985712845,-6.78922563808166,0,-2.56394985712845,0,"France 2017",1.4018117,1.2328687,78.6467804026368,44.5,1505.01611320755,7.31655888357586,0.221580864676834,1.63322613335543,10.4171607217409,0,0.16377870005,15.0091,0.1675375,0.837899999999999,0.0241669393396631,0.00546249999999998,0,7.63723888367353,4.40464746003347,81.4822709925,1.477631715,0.00119199363639271,1.223770455,77.9209932793741,0.26182549127768,1.1541560982061,77.9209932793741,0.247703032869728,-0.08677870005,0.0163839645128728,-0.00321270197968171,0.348018317500006,-0.0261221681928937,-33.4209932793741,-0.114584742749206,-7.75182362642274,-14.0486869325258,1289063,-3.94955269025398,0.101984882820864,-6.73212804894995
"67",345,"France","2018",16.384,138577.279,132999,7.21875,128,0.218664648207252,1.109375,0.645773447567198,2022,2010,0,0.982013790037908,35071.7799073914,"EUR",0.17735,4.8064e+11,67158348,80.87673516,0,0.07,0,0.07,0.00198037926722081,0.287010277380618,-0.437306537069662,2.7963052488571,1.97668180772207,0,-0.0181499279178097,10.4651520948373,-1.72963009776251,-2.65926003693278,-6.22446690351746,0,-2.65926003693278,0,"France 2018",1.5186813,1.2678981,78.6714432536599,47,1082.6349921875,6.98715315620104,0.281129488853407,1.50707711515147,10.4171607217409,0,0.16377870005,15.0091,0.1675375,1.3749,0.0479913730963535,0.0098125,0,7.63723888367353,4.39292620742863,81.4822709925,1.477631715,0.00206344085473931,1.223770455,77.9209932793741,0.26182549127768,1.1541560982061,77.9209932793741,0.247703032869728,-0.09377870005,-0.0431608430704278,-0.0447810982060968,-0.605535832499996,0.0334264559836798,-30.9209932793741,-0.443990470124024,-8.08122935379755,-13.1705335279765,2398434,-3.33223720954869,0.404715289921154,-6.18338037177543
"68",371,"France","2019",17.174,249464.939,97474,7.0241935483871,124,0.20350887563443,1.12096774193548,0.652179143723287,2022,2010,0,0.99183742884684,36095.7614519983,"EUR",0.18455,4.75655e+11,67382061,80.84837724,0,0,0,0,0.00144658680000898,0.522447676608844,-0.427435994483396,2.84339661225029,1.94936041124747,0,-0.00819606733826776,10.4939307261257,-1.68983484950613,0,-6.53854842842898,0,0,0,"France 2019",1.4821333,1.4571643,78.6890784549356,48.2,2011.81402419355,7.606792093644,0.378735412383624,1.55509596546474,10.4171607217409,0,0.16377870005,15.0091,0.1675375,2.1649,0.0767700043848425,0.0170125,0,7.63723888367353,4.39257551457864,81.4822709925,1.477631715,0.00370224560213437,1.223770455,77.9209932793741,0.26182549127768,1.1541560982061,77.9209932793741,0.247703032869728,-0.16377870005,-0.0583166156432499,-0.0331883562706128,-0.633893752499986,0.131032379513896,-29.7209932793741,0.175648467318937,-7.46159041635459,-13.2056078175813,2068064,-3.48376592127916,0.431926626722581,-5.59881572393733
"69",397,"France","2020",19.109,701584.659,231343,4.92401215805471,329,0.206041624697801,1.12462006079027,0.678254176947874,2022,2010,0,0.996315760100564,34293.4635244895,"EUR",0.19255,4.51955e+11,67601110,80.72599498,0,0.06475,0,0.06475,0.00342217753525053,0.412698950759449,-0.388233169042782,2.95015942825923,1.59412367746106,0,-0.00369104342694644,10.4427100471945,-1.64739941872122,-2.73722157840249,-5.67747822430542,0,-2.73722157840249,0,"France 2020",1.4906558,1.2588514,78.7119131765249,49.4,2132.47616717325,7.66503910330022,0.256100435498958,1.68101783520817,10.4171607217409,0,0.16377870005,15.0091,0.1675375,4.0999,0.0255493254536425,0.0250125,0,7.63723888367353,4.39106064211809,81.4822709925,1.477631715,0.0103783008740537,1.223770455,77.9209932793741,0.26182549127768,1.1541560982061,77.9209932793741,0.247703032869728,-0.09902870005,-0.055783866579879,-0.0295360374158227,-0.756276012499995,0.00839740262923083,-28.5209932793741,0.233895476975152,-7.40334340669838,-12.2330772102314,88910130,0.274001681252264,0.980396627221704,-4.56803810693114
"70",423,"France","2021",19.391,345249.29,71177,3.52027027027027,148,0.14969696969697,1.12162162162162,0.678254176947874,2022,2010,0,0.998341198919826,36969.3157319204,"EUR",0.1984,4.71555e+11,67842811,80.51340805,0,0.06195,0,0.06195,0.00104914579674477,0.26624615041967,-0.388233169042782,2.96480904090048,1.25853776798925,0,-0.00166017841404561,10.5178435430204,-1.61747008413136,-2.78142767090699,-6.85977897281504,0,-2.78142767090699,0,"France 2021",1.5363267,1.2843889,78.7364603392338,50.3,2332.76547297297,7.7548097410245,0.291140134686596,1.68101783520817,10.4171607217409,0,0.16377870005,15.0091,0.1675375,4.3819,0.100682821279523,0.0308625,0,7.63723888367353,4.38842373018233,81.4822709925,1.477631715,0.00508895909398565,1.223770455,77.9209932793741,0.26182549127768,1.1541560982061,77.9209932793741,0.247703032869728,-0.10182870005,-0.11212852158071,-0.0325344765844748,-0.968862942499996,0.0434371018168682,-27.6209932793741,0.323666114699432,-7.3135727689741,-13.0354917105565,NA,0.274001681252264,0.629772451831115,-5.280681969532
"71",449,"France","2022",20.33,345213.29,71120,3.53741496598639,147,0.14969696969697,1.12244897959184,0.678254176947874,2022,2010,0,0.999253971166163,38923.785812359,"EUR",0.2148,4.53385e+11,68184457,80.51340805,0,0.07,0,0.07,0.00104305296440214,0.235047079969061,-0.388233169042782,3.01209762764026,1.26339622479674,0,-0.000746307251827645,10.5693608032127,-1.53804791634743,-2.65926003693278,-6.86560332342621,0,-2.65926003693278,0,"France 2022",1.4637769,1.2688944,78.7591921123356,50.4,2348.38972789116,7.76148515009222,0.241940085478418,1.68101783520817,10.4171607217409,0,0.16377870005,15.0091,0.1675375,5.3209,0.152200081471813,0.0472625,0,7.63723888367353,4.38842373018233,81.4822709925,1.477631715,0.005062932304352,1.223770455,77.9209932793741,0.26182549127768,1.1541560982061,77.9209932793741,0.247703032869728,-0.09377870005,-0.11212852158071,-0.0317071186142597,-0.968862942499996,-0.00576294739130939,-27.5209932793741,0.330341523767149,-7.30689735990638,-13.0472946068353,NA,0.274001681252264,0.626540616262247,-5.28580945674305
"72",475,"France","2023",22.462,345213.29,71120,3.53741496598639,147,0.14969696969697,1.12244897959184,0.678254176947874,2022,2010,1,0.999664649869534,41340.456277855,"EUR",0.24455,4.3861e+11,68372286,80.51340805,0,0.0455,0,0.0455,0.00104018754031421,0.465912953288274,-0.388233169042782,3.11182499254084,1.26339622479674,0,-0.000335406372895663,10.629596870375,-1.40833549199677,-3.09004295302523,-6.86835425486065,0,-3.09004295302523,0,"France 2023",1.3517693,1.2327254,78.7804323126547,51.9,2348.38972789116,7.76148515009222,0.15832717824671,1.68101783520817,10.4171607217409,0,0.16377870005,15.0091,0.1675375,7.4529,0.212436148634122,0.0770125,0,7.63723888367353,4.38842373018233,81.4822709925,1.477631715,0.0050490236643543,1.223770455,77.9209932793741,0.26182549127768,1.1541560982061,77.9209932793741,0.247703032869728,-0.11827870005,-0.11212852158071,-0.0317071186142597,-0.968862942499996,-0.0893758546230174,-26.0209932793741,0.330341523767149,-7.30689735990638,-13.0500455382697,NA,0.274001681252264,0.62544068027516,-5.28856038817748
"73",501,"France","2024",23.229,345213.29,71120,3.53741496598639,147,0.14969696969697,1.12244897959184,0.678254176947874,2022,2010,2,0.99984928964194,42594.1574304561,"EUR",0.28865,NA,68551653,80.51340805,0,0.0448,0,0.0448,0.00103746586533807,NA,-0.388233169042782,3.1454014980727,1.26339622479674,0.693147180559945,-0.000150721716006893,10.6594723733318,-1.24254039747519,-3.1055471395612,-6.87097420727964,0,-3.1055471395612,0,"France 2024",1.2007009,1.1461527,78.7999750964116,53.1,2348.38972789116,7.76148515009222,0.0219377276036015,1.68101783520817,10.4171607217409,0,0.16377870005,15.0091,0.1675375,8.2199,0.242311651590903,0.1211125,0,7.63723888367353,4.38842373018233,81.4822709925,1.477631715,0.00503581277609746,1.223770455,77.9209932793741,0.26182549127768,1.1541560982061,77.9209932793741,0.247703032869728,-0.11897870005,-0.11212852158071,-0.0317071186142597,-0.968862942499996,-0.225765305266126,-24.8209932793741,0.330341523767149,-7.30689735990638,-13.0526654906887,NA,0.274001681252264,0.624393115107223,-5.29118034059647
"74",2,"Germany","2005",7.167,117,133,21,1,0.243819635630157,3,0.428909633918863,2021,2013,0,0,28200.8766837241,"EUR",0.1793,5.8922e+11,82469422,93.24199469,0,0.10439888,0,0.10439888,1.61271895418401e-06,0.00409801182983056,-0.846509025788363,1.96948715701178,3.04452243772342,0,0,10.2471083445183,-1.71869489837105,-2.25953633156049,-13.337589011954,0,-2.25953633156049,0,"Germany 2005",1.6484947,1.5056287,80.1745168510383,22.5,117,4.76217393479776,0.837571378728744,0.28175877237599,10.5311154779201,0,0.10671219138,14.7405,0.2808025,-7.5735,-0.284007133401751,-0.1015025,0,6.71879660473263,4.53519820701037,91.3496502355,1.763870775,1.41870765142503e-06,1.54049387,80.8488895960411,0.174504478095131,1.32614001349693,80.8488895960411,0.870606133986402,-0.00231331138,0.069315157535026,1.67385998650307,1.89234445450001,-0.0330347552576576,-58.3488895960411,-2.66896969152731,-9.38776629625993,-18.2279381401758,2270,-10.5004030297003,-2.43351554661957,-13.465764205378
"75",28,"Germany","2006",8.466,4940.06,21415,20.8333333333333,6,0.214795963124502,1.83333333333333,0.542933526428452,2021,2013,0,0,29452.3491913969,"EUR",0.18525,5.94757e+11,82376451,93.43931861,0,0.10439888,0,0.10439888,0.000259965071814031,0.389181332163301,-0.610768385642488,2.13605814209873,3.03655426807425,0,0,10.2905289547064,-1.68604901480594,-2.25953633156049,-8.25496327514987,0,-2.25953633156049,0,"Germany 2006",1.6976514,1.5062382,80.1960996098884,22,823.343333333333,6.71337328662914,0.870107342543202,1.04506916375918,10.5311154779201,0,0.10671219138,14.7405,0.2808025,-6.2745,-0.240586523213631,-0.0955525,0,6.71879660473263,4.53731222678021,91.3496502355,1.763870775,5.99693230289807e-05,1.54049387,80.8488895960411,0.174504478095131,1.32614001349693,80.8488895960411,0.870606133986402,-0.00231331138,0.0402914850293713,0.507193319836399,2.08966837450001,-0.000498791443200419,-58.8488895960411,-0.717770339695924,-7.43656694442855,-16.4350506959713,128801,-6.46078630860193,-0.938387945442485,-9.72167740934214
"76",54,"Germany","2007",10.039,169970.877,46368,6.58928571428571,56,0.195933742400868,1.375,0.77544055213515,2021,2013,0,0,30902.2986938089,"EUR",0.2065,5.95485e+11,82266372,93.54011858,0,0.10427984,0,0.10427984,0.000563632488861913,1.89050381757692,-0.254323956769835,2.30647750770939,1.88544495330538,0,0,10.3385858515043,-1.57745486658105,-2.26067722424866,-7.48110813435292,0,-2.26067722424866,0,"Germany 2007",1.7597094,1.5280349,80.2198636634402,22.6,3035.19423214286,8.01803069885701,0.920279903984946,2.47684656637319,10.5311154779201,0,0.10671219138,14.7405,0.2808025,-4.7015,-0.192529626415713,-0.0743025,0,6.71879660473263,4.5383904199899,91.3496502355,1.763870775,0.0020661039604372,1.54049387,80.8488895960411,0.174504478095131,1.32614001349693,80.8488895960411,0.870606133986402,-0.00243235138,0.0214292643057375,0.0488599865030659,2.1904683445,0.0496737699985443,-58.2488895960411,0.586887072531941,-6.13190953220068,-14.2001212887382,229293,-5.88271703878629,-0.0132161421808626,-6.18209058988118
"77",80,"Germany","2008",10.072,209100.055,33282,7.14285714285714,84,0.190989886495091,1.30952380952381,0.76085045051222,2021,2013,0,0,31534.2460257963,"EUR",0.21715,5.91003e+11,82110097,93.70618227,0,0.10427984,0,0.10427984,0.00040533382879818,1.75747994999663,-0.273318457499188,2.30975929674205,1.96611285637283,0,0,10.3588294096886,-1.52716692000131,-2.26067722424866,-7.81079956174309,0,-2.26067722424866,0,"Germany 2008",1.737643,1.3519451,80.2459549084581,23.9,2489.28636904762,7.81975134960542,0.802737564021581,2.3383741189416,10.5311154779201,0,0.10671219138,14.7405,0.2808025,-4.6685,-0.172286068231442,-0.0636525,0,6.71879660473263,4.54016416647018,91.3496502355,1.763870775,0.00254658151238087,1.54049387,80.8488895960411,0.174504478095131,1.32614001349693,80.8488895960411,0.870606133986402,-0.00243235138,0.0164854083999602,-0.0166162039731241,2.35653203450001,-0.0678685699648212,-56.9488895960411,0.388607723280352,-6.33018888145227,-13.7927547521831,200833,-6.01334255509995,0.0392532825205201,-5.97300340257764
"78",106,"Germany","2009",10.851,273853.2514,39083,8.5859872611465,157,0.178620115812183,1.28025477707006,0.738268865402663,2021,2013,0,0,30450.5464052435,"EUR",0.2288,5.59193e+11,81902307,93.54520643,0,0.3305441,0,0.3305441,0.000477190465465155,2.50953715756403,-0.303447204464949,2.38425724163807,2.15013148612394,0,0,10.32385921732,-1.47490701947649,-1.10701519440133,-7.64759484810534,0,-1.10701519440133,0,"Germany 2009",1.7720019,1.4048295,80.2745192417062,25.7,1744.28822547771,7.46410185771621,0.850114161647632,2.18387846532048,10.5311154779201,0,0.10671219138,14.7405,0.2808025,-3.8895,-0.207256260600031,-0.0520025,0,6.71879660473263,4.53844481068036,91.3496502355,1.763870775,0.00334365735753939,1.54049387,80.8488895960411,0.174504478095131,1.32614001349693,80.8488895960411,0.870606133986402,0.22383190862,0.00411563771705198,-0.04588523642687,2.1955561945,-0.0204919723387695,-55.1488895960411,0.0329582313911434,-6.68583837334148,-13.1647919115764,337824,-5.49075738813532,0.218126210580798,-5.70069005386022
"79",132,"Germany","2010",11.667,547843.8854,50134,9.46917808219178,292,0.17087600015552,1.25,0.709673128932255,2021,2013,0,0,31980.4130578147,"EUR",0.24065,5.94191e+11,81776930,93.40796922,0,0.2851316,0,0.2851316,0.000613057985913631,2.46035486288495,-0.342950796740563,2.45676434384172,2.24804211168815,0,0,10.3728789024338,-1.42441168323302,-1.25480445090327,-7.39705103284168,0,-1.25480445090327,0,"Germany 2010",1.538577,1.4217684,80.305702559949,26,1876.17768972603,7.53699184241873,0.729816643487108,1.89209214937417,10.5311154779201,0,0.10671219138,14.7405,0.2808025,-3.0735,-0.158236575486232,-0.0401525,0,6.71879660473263,4.53697666514955,91.3496502355,1.763870775,0.0066992473965457,1.54049387,80.8488895960411,0.174504478095131,1.32614001349693,80.8488895960411,0.870606133986402,0.17841940862,-0.00362847793961124,-0.0761400134969341,2.0583189845,-0.140789490499294,-54.8488895960411,0.105848216093667,-6.61294838863896,-12.5427519301871,616763,-4.88726562005324,0.462230803831647,-5.00576008776835
"80",158,"Germany","2011",12.47,796086.3404,67582,9.15402843601896,422,0.168762443377012,1.24644549763033,0.70986124272693,2021,2013,0,0,34218.7553001413,"EUR",0.25295,5.84559e+11,80274983,93.42311759,0,0.2426591,0,0.2426591,0.000841881212232708,2.69339357769392,-0.342685760825222,2.52332575969195,2.21419404863027,0,0,10.440529173323,-1.37456343824419,-1.41609770125839,-7.07987163178282,0,-1.41609770125839,0,"Germany 2011",1.645879,1.472517,80.3405762928198,27.6,1886.46052227488,7.54245761274749,0.82039139600837,1.87234271779557,10.5311154779201,0,0.10671219138,14.7405,0.2808025,-2.2705,-0.0905863045970818,-0.0278525,0,6.71879660473263,4.53713882627907,91.3496502355,1.763870775,0.00991699170338037,1.54049387,80.8488895960411,0.174504478095131,1.32614001349693,80.8488895960411,0.870606133986402,0.13594690862,-0.00574203471811904,-0.079694515866602,2.07346735450001,-0.050214737978032,-53.2488895960411,0.111313986422427,-6.6074826183102,-12.1559632721318,1117475,-4.27438635231283,0.636845781703973,-4.61350565938429
"81",184,"Germany","2012",13.549,1046880.6934,91150,8.4316163410302,563,0.168539093038818,1.23445825932504,0.691399933316795,2021,2013,0,0,34805.7364610369,"EUR",0.26355,5.8321e+11,80425823,93.49874611,0,0.1256754,0,0.1256754,0.00113334245892641,2.80370690394993,-0.369036847941255,2.60631274386429,2.13198849041163,0,0,10.4575374930122,-1.33351217568092,-2.07405288659575,-6.78258408406666,0,-2.07405288659575,0,"Germany 2012",1.7583687,1.5033775,80.393447520218,28.9,1859.46837193606,7.52804590431273,0.903011370561103,1.77883938973619,10.5311154779201,0,0.10671219138,14.7405,0.2808025,-1.1915,-0.0735779849078515,-0.0172525,0,6.71879660473263,4.53794802561648,91.3496502355,1.763870775,0.0130167234148167,1.54049387,80.8488895960411,0.174504478095131,1.32614001349693,80.8488895960411,0.870606133986402,0.01896320862,-0.00596538505631314,-0.0916817541718902,2.14909587450001,0.0324052365747013,-51.9488895960411,0.0969022779876649,-6.62189432674496,-11.8695662360338,1560718,-3.94218933442299,0.765249501822229,-4.34152033172105
"82",210,"Germany","2013",13.757,917597.5664,128955,8.18512898330804,659,0.171101551318039,1.24279210925645,0.693316534480695,2021,2013,0,0.0831726964939224,35544.1564360513,"EUR",0.292,5.82034e+11,80645605,93.484135,0,0.1385251687,0,0.1385251687,0.00159903320211932,2.68877992872264,-0.366268624362795,2.62154778547886,2.10231896919717,0,-2.48683615215395,10.4785310458004,-1.23100147671386,-1.97670324639875,-6.43835608104363,0,-1.97670324639875,0,"Germany 2013",1.8105078,1.4776207,80.4732318400362,29.9,1392.40905371775,7.23879065815527,0.914914809282205,1.82082305605269,10.5311154779201,0,0.10671219138,14.7405,0.2808025,-0.983499999999999,-0.0525844321196622,0.0111975,0,6.71879660473263,4.53779174275312,91.3496502355,1.763870775,0.011378147220794,1.54049387,80.8488895960411,0.174504478095131,1.32614001349693,80.8488895960411,0.870606133986402,0.03181297732,-0.00340292677709234,-0.0833479042404852,2.1344847645,0.044308675295803,-50.9488895960411,-0.192352968169799,-6.91114957290242,-11.7148513318178,2292296.671,-3.56051008027077,0.827870792932371,-4.47606067366251
"83",236,"Germany","2014",14.381,876170.4674,148823,7.93266475644699,698,0.171443205461058,1.2378223495702,0.670239959773654,2021,2013,0,0.167981614866075,36853.2707683759,"EUR",0.29775,5.69762e+11,80982500,93.3424301,0,0.1497681068,0,0.1497681068,0.00183771802549934,1.77122284162255,-0.400119481801238,2.66590789090424,2.07098901406059,0,-1.78390074088834,10.5146996526576,-1.21150107074673,-1.89866713577349,-6.29923068058306,0,-1.89866713577349,0,"Germany 2014",1.9655186,1.5568299,80.57574023743,28.4,1255.25854928367,7.13509684571311,1.04498579472702,1.6557876718241,10.5311154779201,0,0.10671219138,14.7405,0.2808025,-0.359499999999999,-0.0164158252624222,0.0169475,0,6.71879660473263,4.53627477510884,91.3496502355,1.763870775,0.01081925684438,1.54049387,80.8488895960411,0.174504478095131,1.32614001349693,80.8488895960411,0.870606133986402,0.04305591542,-0.00306127263407352,-0.0883176639267331,1.99277986450001,0.174379660740621,-52.4488895960411,-0.29604678061196,-7.01484338534459,-11.6615245371496,2904760.671,-3.3278820802356,0.855587001508034,-4.52642769143649
"84",262,"Germany","2015",14.901,1395733.6244,161262,7.93526170798898,726,0.172520896971084,1.23829201101928,0.790423543394378,2021,2013,0,0.310025518872388,37791.1381340083,"EUR",0.29485,5.74422e+11,81686611,93.38114883,0,0.1451501169,0,0.1451501169,0.00197415461390607,2.4679181576321,-0.235186346308923,2.70142832479332,2.07131633490759,0,-1.17110066594778,10.5398299132229,-1.22128852653562,-1.92998678313807,-6.22761501585773,0,-1.92998678313807,0,"Germany 2015",1.9623466,1.6412186,80.6974371632814,29.6,1922.49810523416,7.5613807158054,1.09705439390829,2.3183411988186,10.5311154779201,0,0.10671219138,14.7405,0.2808025,0.160500000000001,0.00871443530280835,0.0140474999999999,0,6.71879660473263,4.5366894922086,91.3496502355,1.763870775,0.0170864430206316,1.54049387,80.8488895960411,0.174504478095131,1.32614001349693,80.8488895960411,0.870606133986402,0.03843792552,-0.00198358112404684,-0.08784800247765,2.03149859450001,0.226448259921891,-51.2488895960411,0.130237089480338,-6.58855951525229,-11.6308506515267,3229486,-3.23056711694258,0.930225577419851,-4.06946993572127
"85",288,"Germany","2016",14.885,1339367.6748,209308,8.18243243243243,740,0.174279864297667,1.24189189189189,0.802211766601606,2021,2013,0,0.5,38800.9914282889,"EUR",0.2973,5.74165e+11,82348669,92.28663428,0,0.1484482952,0,0.1484482952,0.00254172899867999,2.49162401144673,-0.220382657838516,2.70035399446774,2.10198946978898,0,-0.693147180559945,10.5662010775604,-1.21301354897809,-1.90751856183966,-5.97491072138666,0,-1.90751856183966,0,"Germany 2016",1.9057837,1.6895096,80.8347870684725,30.5,1809.9563172973,7.50105798987875,1.06658242471994,2.60012288960984,10.5311154779201,0,0.10671219138,14.7405,0.2808025,0.144500000000001,0.0350855996403485,0.0164975,0,6.71879660473263,4.52489932365593,91.3496502355,1.763870775,0.0162645940859105,1.54049387,80.8488895960411,0.174504478095131,1.32614001349693,80.8488895960411,0.870606133986402,0.04173610382,-0.00022461379746444,-0.0842481216050421,0.936984044500008,0.195976290733541,-50.3488895960411,0.0699143635536821,-6.64888224117894,-11.619822665539,8099756,-2.31912835600505,0.99303807585835,-4.11876467566024
"86",314,"Germany","2017",15.472,1200898.6918,186842,8.88700564971751,531,0.175526308287952,1.25235404896422,0.826032366609261,2021,2013,0,0.689974481127613,40324.593432508,"EUR",0.3048,5.7424e+11,82657002,92.27483432,0,0.0991845,0,0.0991845,0.00226044975596865,2.36020648724237,-0.191121321471887,2.73903193871094,2.18459017048445,0,-0.371100665947778,10.6047168206737,-1.18809945516965,-2.31077352689961,-6.09219147843145,0,-2.31077352689961,0,"Germany 2017",1.8901031,1.6946666,80.9842544038853,31.3,2261.57945725047,7.72381872305659,1.06094275246887,2.7628112799566,10.5311154779201,0,0.10671219138,14.7405,0.2808025,0.7315,0.073601342753669,0.0239975,0,6.71879660473263,4.52477145341188,91.3496502355,1.763870775,0.0145286988729642,1.54049387,80.8488895960411,0.174504478095131,1.32614001349693,80.8488895960411,0.870606133986402,-0.00752769138000001,0.00102183019282057,-0.0737859645327161,0.925184084500003,0.19033661848247,-49.5488895960411,0.292675096731521,-6.4261215080011,-11.9554480760942,7057286.5,-2.46063891018946,0.90432718509889,-4.23162935303764
"87",340,"Germany","2018",16.66,1377822.3494,190462,9.09072978303747,507,0.175606348794542,1.25443786982248,0.83025751358149,2021,2013,0,0.832018385133924,41420.8746019668,"EUR",0.29935,5.65071e+11,82905782,88.17572363,0,0,0,0,0.00229733072175835,2.42725573241968,-0.186019368984249,2.8130106367387,2.20725518912933,0,-0.183900740888339,10.6315402501773,-1.20614182161078,0,-6.07600738577061,0,0,0,"Germany 2018",1.8019092,1.6795515,81.1423036204018,32.3,2717.59832228797,7.90750379949557,0.891689468635934,2.75426086815726,10.5311154779201,0,0.10671219138,14.7405,0.2808025,1.9195,0.100424772257268,0.0185475,0,6.71879660473263,4.47933168283638,91.3496502355,1.763870775,0.0166191345906369,1.54049387,80.8488895960411,0.174504478095131,1.32614001349693,80.8488895960411,0.870606133986402,-0.10671219138,0.00110187069941056,-0.0717021436744492,-3.1739266055,0.0210833346495324,-48.5488895960411,0.476360173170502,-6.24243643156212,-12.0047043607649,8871987,-2.23480602162886,0.924721876159631,-4.09720056126933
"88",366,"Germany","2019",17.266,1088019.7374,189319,9.53140096618358,414,0.18154255950737,1.2536231884058,0.850042855262944,2021,2013,0,0.916827303506078,42570.1517295773,"EUR",0.2983,5.46776e+11,83092962,88.13487194,0,0,0,0,0.00227839994438999,1.98222378206878,-0.162468512812313,2.84873924981333,2.25459171275725,0,-0.0868361521539496,10.658908623053,-1.20965558746143,0,-6.0842818611541,0,0,0,"Germany 2019",1.8881241,1.6651379,81.3053991689039,33.3,2628.06699855072,7.87400387340081,0.928527000487784,2.90611566488215,10.5311154779201,0,0.10671219138,14.7405,0.2808025,2.5255,0.127793145132989,0.0174975,0,6.71879660473263,4.47886827687262,91.3496502355,1.763870775,0.0130940059327768,1.54049387,80.8488895960411,0.174504478095131,1.32614001349693,80.8488895960411,0.870606133986402,-0.10671219138,0.00703808141223936,-0.0725168250911372,-3.2147782955,0.0579208665013822,-47.5488895960411,0.442860247075746,-6.27593635765688,-12.2096045892729,8792333,-2.24607991340865,0.859350963189891,-4.33560071587209
"89",392,"Germany","2020",19.09,2024595.6034,995268,2.77720691265764,4282,0.150181349057386,1.08710882765063,0.756539533195561,2021,2013,0,0.960834277203236,41494.5148903022,"EUR",0.30245,5.29494e+11,83160871,87.48829267,0,0,0,0,0.0119679843180094,1.01654292527892,-0.279000489094594,2.94916463773766,1.02144571496836,0,-0.0399533331624303,10.6333165261654,-1.19583930442921,0,-4.42552016807763,0,0,0,"Germany 2020",1.7812546,1.5622145,81.4700055002738,35.3,472.815414152265,6.15870506740535,0.788362970413529,2.24458436332966,10.5311154779201,0,0.10671219138,14.7405,0.2808025,4.3495,0.102201048245318,0.0216475,0,6.71879660473263,4.47150498635467,91.3496502355,1.763870775,0.0243455314867974,1.54049387,80.8488895960411,0.174504478095131,1.32614001349693,80.8488895960411,0.870606133986402,-0.10671219138,-0.0243231290377455,-0.239031185846304,-3.86135756549999,-0.0822431635728734,-45.5488895960411,-1.27243855891971,-7.99123516365234,-9.87411202553508,59268108.732,-0.338705570793732,1.5873498091593,-3.71540695812973
"90",418,"Germany","2021",19.302,1358016.8324,901247,2.32144716293597,3842,0.148332259266822,1.07157730348777,0.870211650445061,2021,2013,0,0.982013790037908,44260.9806678627,"EUR",0.32135,5.47642e+11,83196078,87.65557011,0,0,0,0,0.0108328063253174,0.901760696004982,-0.139018820546773,2.96020871748494,0.842190768337705,0,-0.0181499279178097,10.6978587703379,-1.13522440716484,0,-4.52517612639163,0,0,0,"Germany 2021",1.8265941,1.6129105,81.6325870653934,36.9,353.46611983342,5.8677876386881,0.849303182753128,3.02886664713328,10.5311154779201,0,0.10671219138,14.7405,0.2808025,4.5615,0.166743292417898,0.0405475,0,6.71879660473263,4.47341515880613,91.3496502355,1.763870775,0.0163230871580268,1.54049387,80.8488895960411,0.174504478095131,1.32614001349693,80.8488895960411,0.870606133986402,-0.10671219138,-0.0261722188283088,-0.254562710009167,-3.69408012549999,-0.0213029512332736,-43.9488895960411,-1.56335598763697,-8.2821525923696,-9.98296242192876,8147023.65,-2.32354754305965,1.42138105001209,-4.11517478324066
"91",444,"Germany","2022",20.829,383362.148,766374,1.72370266479663,3565,0.145739446302183,1.05694249649369,0.870211650445061,2021,2013,1,0.99183742884684,47962.1891477238,"EUR",0.3318,5.25374e+11,83177813,87.65557011,0,0,0,0,0.00921368298058041,0.225255370652491,-0.139018820546773,3.03634624643925,0.544474689151739,0,-0.00819606733826776,10.7781682533817,-1.10322290122579,0,-4.68706561933551,0,0,0,"Germany 2022",1.7792628,1.5636199,81.7867852780995,36.8,107.534964375877,4.67781604469355,0.792717520803482,3.02886664713328,10.5311154779201,0,0.10671219138,14.7405,0.2808025,6.0885,0.247052775461668,0.0509975,0,6.71879660473263,4.47341515880613,91.3496502355,1.763870775,0.00460894719605095,1.54049387,80.8488895960411,0.174504478095131,1.32614001349693,80.8488895960411,0.870606133986402,-0.10671219138,-0.0287650317929475,-0.269197517003245,-3.69408012549999,-0.07788861318292,-44.0488895960411,-2.75332758163151,-9.47212418636414,-10.057571866707,NA,-2.32354754305965,1.23223377888228,-5.37975582201346
"92",470,"Germany","2023",21.512,383362.148,766374,1.72370266479663,3565,0.145739446302183,1.05694249649369,0.870211650445061,2021,2013,2,0.996315760100564,50659.7208435435,"EUR",0.40725,4.95332e+11,83287273,87.65557011,0,0.0518,0,0.0518,0.0092015739307493,0.458151013036646,-0.139018820546773,3.06861091896656,0.544474689151739,0.693147180559945,-0.00369104342694644,10.8328864131485,-0.898328031499983,-2.9603651297167,-4.68838073013029,0,-2.9603651297167,0,"Germany 2023",1.5613864,1.4741969,81.9034366692129,37.9,107.534964375877,4.67781604469355,0.618157737380238,3.02886664713328,10.5311154779201,0,0.10671219138,14.7405,0.2808025,6.7715,0.301770935228479,0.1264475,0,6.71879660473263,4.47341515880613,91.3496502355,1.763870775,0.00460288990371914,1.54049387,80.8488895960411,0.174504478095131,1.32614001349693,80.8488895960411,0.870606133986402,-0.05491219138,-0.0287650317929475,-0.269197517003245,-3.69408012549999,-0.252448396606164,-42.9488895960411,-2.75332758163151,-9.47212418636414,-10.0588869775018,NA,-2.32354754305965,1.23170794327908,-5.38107093280824
"93",496,"Germany","2024",22.474,14.4,59,1,1,0.145739446302183,1,0.870211650445061,2021,2013,3,0.998341198919826,51833.6517870167,"EUR",0.3947,NA,83516593,87.65557011,0,0,0,0,7.06446442325539e-07,NA,-0.139018820546773,3.11235908548571,0,1.09861228866811,-0.00166017841404561,10.8557948657154,-0.929629296313336,0,-14.1630184447363,0,0,0,"Germany 2024",1.5462994,1.4980615,82.0211432579125,39.1,14.4,2.66722820658195,0.624854863164922,3.02886664713328,10.5311154779201,0,0.10671219138,14.7405,0.2808025,7.7335,0.324679387795358,0.1138975,0,6.71879660473263,4.47341515880613,91.3496502355,1.763870775,1.72420826601487e-07,1.54049387,80.8488895960411,0.174504478095131,1.32614001349693,80.8488895960411,0.870606133986402,-0.10671219138,-0.0287650317929475,-0.326140013496934,-3.69408012549999,-0.24575127082148,-41.7488895960411,-4.76391541974311,-11.4827120244757,-18.240555888642,NA,-2.32354754305965,-2.4327501277679,-15.5733276820601
"94",213,"Greece","2013",15.326,20740,53,2,1,0.342140790742526,2,0.719253166526403,2021,2021,0,0,16243.5448802581,"EUR",0.163,5.5144e+10,10965211,61.79936974,0,0.066235,0,0.066235,4.83346832085584e-06,0.64144857709085,-0.329541874020855,2.72955073254821,0.693147180559945,0,0,9.69545087069995,-1.81400507817537,-2.71454625484591,-12.2399462691429,0,-2.71454625484591,0,"Greece 2013",0.396537,0.2747397,77.0951999650171,37.2,20740,9.93981948178352,-1.47095360443289,1.81787138191242,9.7753184928409,0,0.0964333333333333,19.5064166666667,0.184404166666667,-4.18041666666667,-0.0798676221409504,-0.0214041666666667,0,9.46910426228675,4.12389316602976,61.8145782266667,0.34502765,0.00189143647121793,0.327613058333333,78.0653507780543,0.255952851800856,1.71488095238095,78.0653507780543,-1.46555064756789,-0.0301983333333333,0.0861879389416697,0.285119047619048,-0.0152084866666655,-0.00540295686500092,-40.8653507780543,2.50867585545845,-6.9604284068283,-16.210238182695,150,-11.1996028885988,-1.10474201692153,-6.27041870091152
"95",239,"Greece","2014",15.683,20740,53,2,1,0.327702162832346,2,0.719253166526403,2021,2021,0,0,16164.6315651087,"EUR",0.1776,5.5144e+10,10892413,61.80913166,0,0.067965,0,0.067965,4.86577216636938e-06,0.433200112792589,-0.329541874020855,2.75257732315229,0.693147180559945,0,0,9.69058089776299,-1.72822144842407,-2.68876241219493,-12.2332851362426,0,-2.68876241219493,0,"Greece 2014",0.2447728,0.1536974,77.3130486275866,38.7,20740,9.93981948178352,-1.62899840925234,1.83969179832521,9.7753184928409,0,0.0964333333333333,19.5064166666667,0.184404166666667,-3.82341666666667,-0.084737595077911,-0.00680416666666667,0,9.46910426228675,4.12405111503666,61.8145782266667,0.34502765,0.00190407763642455,0.327613058333333,78.0653507780543,0.255952851800856,1.71488095238095,78.0653507780543,-1.46555064756789,-0.0284683333333333,0.0717493110314893,0.285119047619048,-0.00544656666667009,-0.163447761684452,-39.3653507780543,2.50867585545845,-6.9604284068283,-16.2035770497947,NA,-11.0970654590309,-1.09759450989596,-6.2637575680112
"96",265,"Greece","2015",15.69,20740,53,2,1,0.313263534922165,2,0.719253166526403,2021,2021,0,0,16205.9674797334,"EUR",0.1769,5.6587e+10,10820883,60.42865878,0,0.0575,0,0.0575,4.89793670257778e-06,0.372264273692968,-0.329541874020855,2.75302356674494,0.693147180559945,0,0,9.69313481633801,-1.7321706778164,-2.85597033117883,-12.2266965226338,0,-2.85597033117883,0,"Greece 2015",0.1817351,0.2363589,77.5194426317545,40.1,20740,9.93981948178352,-1.64931361212389,1.861512214738,9.7753184928409,0,0.0964333333333333,19.5064166666667,0.184404166666667,-3.81641666666667,-0.0821836765028952,-0.00750416666666667,0,9.46910426228675,4.10146347552184,61.8145782266667,0.34502765,0.00191666428700874,0.327613058333333,78.0653507780543,0.255952851800856,1.71488095238095,78.0653507780543,-1.46555064756789,-0.0389333333333333,0.0573106831213088,0.285119047619048,-1.38591944666667,-0.183762964555996,-37.9653507780543,2.50867585545845,-6.9604284068283,-16.1969884361859,NA,-10.9945280294631,-1.09047599907783,-6.25716895440242
"97",291,"Greece","2016",15.39,20740,53,2,1,0.298824907011985,2,0.719253166526403,2021,2021,0,0,16188.6279203981,"EUR",0.17195,5.9277e+10,10775971,60.56467482,0,0.0575,0,0.0575,4.91835028138068e-06,0.373716218388425,-0.329541874020855,2.73371794785079,0.693147180559945,0,0,9.69206429449465,-1.76055154210386,-2.85597033117883,-12.222537392351,0,-2.85597033117883,0,"Greece 2016",0.0838989,0.1504686,77.7122988766348,41,20740,9.93981948178352,-1.75257336064061,1.88333263115079,9.7753184928409,0,0.0964333333333333,19.5064166666667,0.184404166666667,-4.11641666666667,-0.0832541983462516,-0.0124541666666667,0,9.46910426228675,4.10371179934678,61.8145782266667,0.34502765,0.00192465254407236,0.327613058333333,78.0653507780543,0.255952851800856,1.71488095238095,78.0653507780543,-1.46555064756789,-0.0389333333333333,0.0428720552111284,0.285119047619048,-1.24990340666667,-0.28702271307272,-37.0653507780543,2.50867585545845,-6.9604284068283,-16.1928293059032,NA,-10.8919905998952,-1.08432889601885,-6.25300982411964
"98",317,"Greece","2017",17.3,20740,53,2,1,0.284386279101804,2,0.719253166526403,2021,2021,0,0,16493.1428450817,"EUR",0.16655,6.0402e+10,10754679,60.85687957,0,0.0575,0,0.0575,4.92808757936894e-06,0.38752033959581,-0.329541874020855,2.85070650150373,0.693147180559945,0,0,9.71069998836267,-1.79245971434245,-2.85597033117883,-12.2205595601034,0,-2.85597033117883,0,"Greece 2017",0.2623317,0.156796,77.8895342613411,42.5,20740,9.93981948178352,-1.64346268606896,1.90515304756359,9.7753184928409,0,0.0964333333333333,19.5064166666667,0.184404166666667,-2.20641666666667,-0.0646185044782364,-0.0178541666666667,0,9.46910426228675,4.10852487089014,61.8145782266667,0.34502765,0.00192846295087004,0.327613058333333,78.0653507780543,0.255952851800856,1.71488095238095,78.0653507780543,-1.46555064756789,-0.0389333333333333,0.028433427300948,0.285119047619048,-0.957698656666672,-0.177912038501074,-35.5653507780543,2.50867585545845,-6.9604284068283,-16.1908514736556,NA,-10.7894531703274,-1.07905396599094,-6.25103199187205
"99",343,"Greece","2018",18.001,17449.57,27,9,1,0.269947651191624,2,0.719253166526403,2021,2021,0,0,16828.2532128835,"EUR",0.1659,54297999999.9999,10732882,60.39573729,0,0.1215,0,0.1215,2.51563373192773e-06,0.319908828885414,-0.329541874020855,2.89042731190857,2.19722457733622,0,0,9.73081449171413,-1.79637008178574,-2.10784101620153,-12.8929858052686,0,-2.10784101620153,0,"Greece 2018",0.3398991,0.2867976,78.0490656849874,42.8,17449.57,9.76707028549315,-1.53253973721274,1.92697346397638,9.7753184928409,0,0.0964333333333333,19.5064166666667,0.184404166666667,-1.50541666666667,-0.0445040011267768,-0.0185041666666667,0,9.46910426228675,4.10091852778139,61.8145782266667,0.34502765,0.00162580469998645,0.327613058333333,78.0653507780543,0.255952851800856,1.71488095238095,78.0653507780543,-1.46555064756789,0.0250666666666667,0.0139947993907676,0.285119047619048,-1.41884093666667,-0.0669890896448522,-35.2653507780543,2.33592665916808,-7.13317760311867,-16.188822671273,NA,-10.6869157407595,-1.16847155349523,-6.42175238577983
"100",369,"Greece","2019",19.633,17449.57,27,9,2,0.255509023281443,1.66666666666667,0.719253166526403,2021,2021,0,0,17271.818188771,"EUR",0.1573,5.4878e+10,10721582,61.11472869,0,0.1215,0,0.1215,2.51828508143668e-06,0.316746486416035,-0.329541874020855,2.97721182391661,2.19722457733622,0,0,9.75683144578277,-1.84960046891791,-2.10784101620153,-12.8919324113414,0,-2.10784101620153,0,"Greece 2019",0.4589741,0.4186735,78.1888100466875,42.4,8724.785,9.0739231049332,-1.36565866764758,1.94879388038917,9.7753184928409,0,0.0964333333333333,19.5064166666667,0.184404166666667,0.126583333333333,-0.0184870470581338,-0.0271041666666667,0,9.46910426228675,4.11275289588369,61.8145782266667,0.34502765,0.00162751821512907,0.327613058333333,78.0653507780543,0.255952851800856,1.71488095238095,78.0653507780543,-1.46555064756789,0.0250666666666667,-0.000443828519412881,-0.0482142857142858,-0.699849536666669,0.0998919799203055,-35.6653507780543,1.64277947860814,-7.82632478367861,-15.4946220967858,NA,-10.5843783111917,-1.04869517758824,-6.42069899185258
"101",395,"Greece","2020",21.749,21644.38,680,1.33333333333333,3,0.241070395371263,1.33333333333333,0.744495424635999,2021,2021,0,0,15659.9493073813,"EUR",0.16575,5.1902e+10,10698599,63.03414789,0,0.1215,0,0.1215,6.35597240348947e-05,0.110868847428185,-0.295048572429679,3.07956777946622,0.287682072451781,0,0,9.65886173246301,-1.79727464991616,-2.10784101620153,-9.66353055810986,0,-2.10784101620153,0,"Greece 2020",0.5867351,0.4420625,78.3066842455552,43.7,7214.79333333333,8.88388882676908,-1.22911607002724,1.97061429680196,9.7753184928409,0,0.0964333333333333,19.5064166666667,0.184404166666667,2.24258333333333,-0.116456760377895,-0.0186541666666667,0,9.46910426228675,4.14367660954633,61.8145782266667,0.34502765,0.00202310414662705,0.327613058333333,78.0653507780543,0.255952851800856,1.71488095238095,78.0653507780543,-1.46555064756789,0.0250666666666667,-0.0148824564295933,-0.381547619047619,1.21956966333333,0.236434577540649,-34.3653507780543,1.45274520044401,-8.01635906184273,-15.0870110676119,300,-10.4818408816238,-0.600041985221587,-6.20312224084283
"102",421,"Greece","2021",22.001,86320.54,1259,5.4,10,0.194604373891571,1.4,0.710214914515883,2021,2021,0,0.0831726964939224,17463.4279563263,"EUR",0.1827,52787000000.0001,10569207,62.94290257,0,0.1215,0,0.1215,0.000119119627423325,0.594661832541749,-0.342187658248875,3.09108790687074,1.68639895357023,0,-2.48683615215395,9.76786414210045,-1.69990981559818,-2.10784101620153,-9.03538229733581,0,-2.10784101620153,0,"Greece 2021",0.5727218,0.3962921,78.3884898647442,44.2,8632.054,9.0632377627108,-1.2678420210777,1.71465787961159,9.7753184928409,0,0.0964333333333333,19.5064166666667,0.184404166666667,2.49458333333333,-0.00745435074045631,-0.00170416666666667,0,9.46910426228675,4.14222800703305,61.8145782266667,0.34502765,0.00816717280681512,0.327613058333333,78.0653507780543,0.255952851800856,1.71488095238095,78.0653507780543,-1.46555064756789,0.0250666666666667,-0.0613484779092853,-0.314880952380952,1.12832434333333,0.197708626490188,-33.8653507780543,1.63209413638574,-7.83701012590101,-13.8708702383861,1350,-8.96559545994769,-0.0884853494881789,-4.80763247567531
"103",447,"Greece","2022",22.671,65175.54,929,6.375,8,0.181328367754516,1.375,0.710214914515883,2021,2021,1,0.167981614866075,19834.3396044911,"EUR",0.22695,50386999999.9999,10436882,62.94290257,0,0.1215,0,0.1215,8.90112583432485e-05,0.399301220439705,-0.342187658248875,3.12108657470669,1.85238409104449,0,-1.78390074088834,9.89517003793946,-1.48302555007966,-2.10784101620153,-9.32674769799361,0,-2.10784101620153,0,"Greece 2022",0.5636045,0.4212368,78.5502190980809,45.2,8146.9425,9.00539798247304,-1.25721828724842,1.71465787961159,9.7753184928409,0,0.0964333333333333,19.5064166666667,0.184404166666667,3.16458333333333,0.119851545098557,0.0425458333333333,0,9.46910426228675,4.14222800703305,61.8145782266667,0.34502765,0.00624473286178765,0.327613058333333,78.0653507780543,0.255952851800856,1.71488095238095,78.0653507780543,-1.46555064756789,0.0250666666666667,-0.0746244840463402,-0.339880952380952,1.12832434333333,0.208332360319467,-32.8653507780543,1.57425435614798,-7.89484990613877,-14.0814148951276,NA,-8.96559545994769,-0.188696935822532,-5.07601691265457
"104",473,"Greece","2023",25.269,65175.54,929,6.375,8,0.181328367754516,1.375,0.710214914515883,2021,2021,2,0.310025518872388,21589.1868161264,"EUR",0.2318,4.8847e+10,10407351,62.94290257,0,0.1215,0,0.1215,8.92638289993294e-05,0.789846229147414,-0.342187658248875,3.22957834800134,1.85238409104449,0.693147180559945,-1.17110066594778,9.97994785796053,-1.46188034807649,-2.10784101620153,-9.32391420253634,0,-2.10784101620153,0,"Greece 2023",0.2578486,0.5145808,78.7746303842088,44.5,8146.9425,9.00539798247304,-1.36541997493853,1.71465787961159,9.7753184928409,0,0.0964333333333333,19.5064166666667,0.184404166666667,5.76258333333333,0.204629365119631,0.0473958333333333,0,9.46910426228675,4.14222800703305,61.8145782266667,0.34502765,0.00626245237620985,0.327613058333333,78.0653507780543,0.255952851800856,1.71488095238095,78.0653507780543,-1.46555064756789,0.0250666666666667,-0.0746244840463402,-0.339880952380952,1.12832434333333,0.100130672629356,-33.5653507780543,1.57425435614798,-7.89484990613877,-14.0785813996703,NA,-8.96559545994769,-0.187563987329637,-5.0731834171973
"105",499,"Greece","2024",25.364,64676.16,579,7.14285714285714,7,0.181328367754516,1.42857142857143,0.710214914515883,2021,2021,3,0.5,22751.8408700936,"EUR",0.22645,NA,10405134,62.94290257,0,0.1215,0,0.1215,5.56456072550339e-05,NA,-0.342187658248875,3.23333084583779,1.96611285637283,1.09861228866811,-0.693147180559945,10.0324013384722,-1.48523110897991,-2.10784101620153,-9.79650741857779,0,-2.10784101620153,0,"Greece 2024",0.1912731,0.4796528,78.9967856500534,44.5,9239.45142857143,9.13123779367108,-1.42351134014376,1.71465787961159,9.7753184928409,0,0.0964333333333333,19.5064166666667,0.184404166666667,5.85758333333333,0.257082845631308,0.0420458333333333,0,9.46910426228675,4.14222800703305,61.8145782266667,0.34502765,0.00621579308829661,0.327613058333333,78.0653507780543,0.255952851800856,1.71488095238095,78.0653507780543,-1.46555064756789,0.0250666666666667,-0.0746244840463402,-0.286309523809523,1.12832434333333,0.0420393074241285,-33.5653507780543,1.70009416734602,-7.76901009494073,-14.2118997470955,NA,-8.96559545994769,-0.261720142104113,-5.08066195342438
"106",325,"Hungary","2017",13.556,30,15,1,1,0.14,1,0.256761025583813,2024,NA,0,0,4044095.37979569,"EUR",0.11295,4.2337e+10,9726756,60.39505471,0,0.05634728345,0,0.05634728345,1.54213799544267e-06,0.000799720526147926,-1.35960948821793,2.60682925374481,0,0,0,15.2127684443527,-2.18081003606813,-2.87622124817661,-13.3823407956193,0,-2.87622124817661,0,"Hungary 2017",0.6076573,0.5151311,70.4542541503906,30.2,30,3.40119738166216,-1.24401375208472,-0.988869845518322,15.5651726017522,0,0.04591371821875,14.653875,0.10760625,-1.097875,-0.352404157399464,0.00534374999999999,0,3.40119738166216,4.10090722592652,56.4329589525,0.6210293375,3.08427599088535e-06,0.389532475,70.3527816732181,0.14,1,70.3527816732181,-1.42325929399975,0.01043356523125,0,0,3.96209575749999,0.179245541915026,-40.1527816732181,-4.02994624466291,-7.43114362632507,-16.0903909967215,150,-11.0797557026252,-2.01164220486002,-12.6891936150593
"107",351,"Hungary","2018",12.548,30,15,1,1,0.14,1,0.256761025583813,2024,NA,0,0,4486880.14089678,"EUR",0.11205,43057999999.9999,9706964,57.33892731,0,0.05463394015,0,0.05463394015,1.54528233544494e-06,0.000693573882956612,-1.35960948821793,2.52956129032843,0,0,0,15.3166681720755,-2.1888100787352,-2.90709997488466,-13.3803039229214,0,-2.90709997488466,0,"Hungary 2018",0.6259032,0.4420607,70.4711761474609,30.9,30,3.40119738166216,-1.36307312942424,-0.968437693675831,15.5651726017522,0,0.04591371821875,14.653875,0.10760625,-2.105875,-0.248504429676624,0.00444375,0,3.40119738166216,4.04897975274623,56.4329589525,0.6210293375,3.09056467088989e-06,0.389532475,70.3527816732181,0.14,1,70.3527816732181,-1.42325929399975,0.00872022193125,0,0,0.905968357500001,0.0601861645755035,-39.4527816732181,-4.02994624466291,-7.43114362632507,-16.0883541240236,NA,-11.077280593441,-2.01071953891612,-12.6871567423615
"108",377,"Hungary","2019",12.634,30,15,1,1,0.14,1,0.256761025583813,2024,NA,0,0,4944957.84554727,"EUR",0.11085,4.3583e+10,9694824,57.82269562,0,0.0535578674,0,0.0535578674,1.54721736052145e-06,0.000685692636260684,-1.35960948821793,2.53639159247651,0,0,0,15.4138789983408,-2.19957734291982,-2.92699257597952,-13.3790524917044,0,-2.92699257597952,0,"Hungary 2019",0.5238239,0.4598348,70.4565277099609,30.9,30,3.40119738166216,-1.39437457647672,-0.948005541833341,15.5651726017522,0,0.04591371821875,14.653875,0.10760625,-2.019875,-0.151293603411373,0.00324375,0,3.40119738166216,4.0573813563939,56.4329589525,0.6210293375,3.0944347210429e-06,0.389532475,70.3527816732181,0.14,1,70.3527816732181,-1.42325929399975,0.00764414918125,0,0,1.3897366675,0.0288847175230307,-39.4527816732181,-4.02994624466291,-7.43114362632507,-16.0871026928066,NA,-11.0748054842567,-2.01011092491104,-12.6859053111445
"109",403,"Hungary","2020",13.85,30,15,1,1,0.14,1,0.256761025583813,2024,NA,0,0,5047120.08859182,"EUR",0.102,4.3468e+10,9670419,57.07285782,0,0.04327324385,0,0.04327324385,1.55112203514656e-06,0.000183484791345075,-1.35960948821793,2.62828523263335,0,0,0,15.4343283590936,-2.28278246569787,-3.14022075991026,-13.3765319952748,0,-3.14022075991026,0,"Hungary 2020",0.7208016,0.4381497,70.2917327880859,31,30,3.40119738166216,-1.32108298846811,-0.92757338999085,15.5651726017522,0,0.04591371821875,14.653875,0.10760625,-0.803875,-0.130844242658583,-0.00560625000000001,0,3.40119738166216,4.04432865899138,56.4329589525,0.6210293375,3.10224407029313e-06,0.389532475,70.3527816732181,0.14,1,70.3527816732181,-1.42325929399975,-0.00264047436875,0,0,0.639898867500001,0.10217630553164,-39.3527816732181,-4.02994624466291,-7.43114362632507,-16.084582196377,NA,-11.0723303750724,-2.00899488622795,-12.6833848147149
"110",429,"Hungary","2021",14.134,30,15,1,1,0.14,1,0.274702651292937,2024,NA,0,0,5768960.4702847,"EUR",0.10065,4.5822e+10,9630932,54.70853404,0,0.0423961405,0,0.0423961405,1.55748166428753e-06,0.000238083945432839,-1.29206603433325,2.64858324226866,0,0,0,15.5680024611242,-2.29610612689634,-3.16069794683073,-13.3724403588822,0,-3.16069794683073,0,"Hungary 2021",0.784219,0.4002885,70.2059275331413,33.4,30,3.40119738166216,-1.37467036814507,-0.90714123814836,15.5651726017522,0,0.04591371821875,14.653875,0.10760625,-0.519874999999999,0.0028298593719871,-0.00695625,0,3.40119738166216,4.0020197126153,56.4329589525,0.6210293375,3.11496332857505e-06,0.389532475,70.3527816732181,0.14,1,70.3527816732181,-1.42325929399975,-0.00351757771875,0,0,-1.7244249125,0.0485889258546781,-36.9527816732181,-4.02994624466291,-7.43114362632507,-16.0804905599844,150,-11.0698552658881,-2.00725064090749,-12.6792931783222
"111",455,"Hungary","2022",15.128,30,15,1,1,0.14,1,0.274702651292937,2024,NA,0,0,6866206.75697033,"EUR",0.1016,4.5172e+10,9605074,54.70853404,0,0.0388454536,0,0.0388454536,1.56167458990946e-06,0.000205015377073635,-1.29206603433325,2.71654733135616,0,0,0,15.7421223657084,-2.28671174383776,-3.2481642334694,-13.3697518573736,0,-3.2481642334694,0,"Hungary 2022",0.657731,0.2882324,70.1585064243445,32.5,30,3.40119738166216,-1.5135977854267,-0.90714123814836,15.5651726017522,0,0.04591371821875,14.653875,0.10760625,0.474125000000001,0.176949763956227,-0.00600625,0,3.40119738166216,4.0020197126153,56.4329589525,0.6210293375,3.12334917981892e-06,0.389532475,70.3527816732181,0.14,1,70.3527816732181,-1.42325929399975,-0.00706826461874999,0,0,-1.7244249125,-0.0903384914269523,-37.8527816732181,-4.02994624466291,-7.43114362632507,-16.0778020584758,NA,-11.0698552658881,-2.00617566698279,-12.6766046768136
"112",481,"Hungary","2023",17.117,30,15,1,1,0.14,1,0.274702651292937,2024,NA,0,0,7849375.31444866,"EUR",0.11445,4.4168e+10,9592186,54.70853404,0,0.0398051429,0,0.0398051429,1.56377284593939e-06,0.000402077089633364,-1.29206603433325,2.84007212171353,0,0,0,15.8759445088149,-2.16761723258356,-3.22375915644678,-13.3684091655586,0,-3.22375915644678,0,"Hungary 2023",0.5461907,0.2375182,70.2923026891431,30.1,30,3.40119738166216,-1.6060465092778,-0.90714123814836,15.5651726017522,0,0.04591371821875,14.653875,0.10760625,2.463125,0.310771907062707,0.00684375,0,3.40119738166216,4.0020197126153,56.4329589525,0.6210293375,3.12754569187879e-06,0.389532475,70.3527816732181,0.14,1,70.3527816732181,-1.42325929399975,-0.00610857531875,0,0,-1.7244249125,-0.182787215278057,-40.2527816732181,-4.02994624466291,-7.43114362632507,-16.0764593666608,NA,-11.0698552658881,-2.00563880334875,-12.6752619849986
"113",507,"Hungary","2024",18.264,30,15,1,1,0.14,1,0.274702651292937,2024,NA,0,0,8517790.24719033,"EUR",0.1063,NA,9562065,54.70853404,0,0.0384506739,0,0.0384506739,1.56869881139691e-06,NA,-1.29206603433325,2.9049319092275,0,0,0,15.9576675045073,-2.24148999363423,-3.25837905652608,-13.3652640647839,0,-3.25837905652608,0,"Hungary 2024",0.501908,0.3350444,70.491825943218,32.3,30,3.40119738166216,-1.56921524269462,-0.90714123814836,15.5651726017522,0,0.04591371821875,14.653875,0.10760625,3.610125,0.392494902755127,-0.00130624999999999,0,3.40119738166216,4.0020197126153,56.4329589525,0.6210293375,3.13739762279382e-06,0.389532475,70.3527816732181,0.14,1,70.3527816732181,-1.42325929399975,-0.00746304431874999,0,0,-1.7244249125,-0.145955948694869,-38.0527816732181,-4.02994624466291,-7.43114362632507,-16.0733142658861,NA,-11.0698552658881,-2.00438126218225,-12.672116884224
"114",9,"Italy","2005",7.549,99,381,6,1,0.00671680343552022,3,0.181814812601999,2024,2015,0,0,25772.0235787216,"EUR",0.199,3.32228e+11,58166682,61.73086311,0,0.15575,0,0.15575,6.55014153979077e-06,0.00614983959905672,-1.70476662309912,2.02141510415749,1.79175946922805,0,0,10.157044825155,-1.61445045425764,-1.85950312131457,-11.9360238994222,0,-1.85950312131457,0,"Italy 2005",0.4420055,0.9062855,67.5897169318419,16.2,99,4.59511985013459,-1.05335721463879,-1.31676761068978,10.2727980024114,0,0.21501975,15.547,0.235955,-7.998,-0.115753177256462,-0.036955,0,7.66561701811402,4.12278401832652,63.3261329795,0.449498175,1.70200528199288e-06,0.65600614,68.930859249526,0.249920902668458,1.7041883795342,68.930859249526,-1.16219596136429,-0.05926975,-0.243204099232938,1.2958116204658,-1.5952698695,0.108838746725507,-52.730859249526,-2.83602377619048,-10.5016407943045,-17.8788232745489,1800,-10.3832813306647,-2.19600009620033,-13.2837034244143
"115",35,"Italy","2006",8.328,99,25,2,1,0.4,1,0.385339338526867,2024,2015,0,0,26710.0669982759,"EUR",0.2108,3.3918e+11,58399861,61.93384005,0,0.15575,0,0.15575,4.28083210677505e-07,0.013676163919803,-0.953630934127075,2.11962333131267,0.693147180559945,0,0,10.1927958144601,-1.55684546231493,-1.85950312131457,-14.6639482427904,0,-1.85950312131457,0,"Italy 2006",0.3090963,0.9347533,67.6812550714834,17.3,99,4.59511985013459,-1.10242408426022,-0.168359195952827,10.2727980024114,0,0.21501975,15.547,0.235955,-7.219,-0.0800021879513029,-0.025155,0,7.66561701811402,4.12606671932509,63.3261329795,0.449498175,1.69520951428292e-06,0.65600614,68.930859249526,0.249920902668458,1.7041883795342,68.930859249526,-1.16219596136429,-0.05926975,0.150079097331542,-0.704188379534197,-1.3922929295,0.0597718771040716,-51.630859249526,-2.83602377619048,-10.5016407943045,-17.8828240676586,1800,-10.3872821237744,-2.49242040302445,-13.287704217524
"116",61,"Italy","2007",9.807,5354.26,2837,10.5,2,0.168531108908234,1.5,0.622332361402129,2024,2015,0,0,27600.716226821,"EUR",0.21185,3.39194e+11,58756247,62.07652828,0,0.3115,0,0.3115,4.82842275477534e-05,0.104550271455355,-0.474280985863151,2.28309641641018,2.35137525716348,0,0,10.2255970016157,-1.55187680190957,-1.16635594075463,-9.93840560244175,0,-1.16635594075463,0,"Italy 2007",0.1999166,0.9144553,67.7857771296669,18.8,2677.13,7.8925006041642,-1.17068711687246,1.53414981428754,10.2727980024114,0,0.21501975,15.547,0.235955,-5.74,-0.0472010007957415,-0.024105,0,7.66561701811402,4.12836795098645,63.3261329795,0.449498175,9.11266507542594e-05,0.65600614,68.930859249526,0.249920902668458,1.7041883795342,68.930859249526,-1.16219596136429,0.09648025,-0.0813897937602238,-0.204188379534197,-1.2496046995,-0.00849115550816504,-50.130859249526,0.461356977839135,-7.20426004027488,-17.1957608566907,4418,-9.49546565327054,-1.32656530008297,-9.30326025252645
"117",87,"Italy","2008",11.492,9910.26,3609,6.5,4,0.245687405938823,1.5,0.622309706957441,2024,2015,0,0,27760.2772354769,"EUR",0.2129,3.38721e+11,59211181,62.10598223,0,0.4855,0,0.4855,6.095132606796e-05,0.145334540942808,-0.474317389011119,2.44165114111704,1.87180217690159,0,0,10.2313614014396,-1.5469327070827,-0.722575991250757,-9.70543494562133,0,-0.722575991250757,0,"Italy 2008",0.26155,0.8886584,67.9071958431441,19.9,2477.565,7.81503150198511,-1.15243587533726,1.52911471422333,10.2727980024114,0,0.21501975,15.547,0.235955,-4.055,-0.0414366009717817,-0.023055,0,7.66561701811402,4.1288423165059,63.3261329795,0.449498175,0.000167371429392702,0.65600614,68.930859249526,0.249920902668458,1.7041883795342,68.930859249526,-1.16219596136429,0.27048025,-0.00423349672963513,-0.204188379534197,-1.2201507495,0.00976008602703682,-49.030859249526,0.383887875660042,-7.28172914245398,-16.5103265891442,6218,-9.16141735964542,-1.09659181717972,-8.69529508715912
"118",113,"Italy","2009",12.775,5354.26,3013,10.5,2,0.168531108908234,1.5,0.631303174256691,2024,2015,0,0,26598.8535659555,"EUR",0.20475,3.17246e+11,59555454,62.23793776,0,0.47927,0,0.47927,5.05915041802888e-05,0.0864849934016809,-0.459969065494015,2.54749013608977,2.35137525716348,0,0,10.1886233948168,-1.58596555624896,-0.735491166054416,-9.89172689734322,0,-0.735491166054416,0,"Italy 2009",0.3589566,0.7953389,68.0494239486665,20.2,2677.13,7.8925006041642,-1.15410455593658,1.57951184391211,10.2727980024114,0,0.21501975,15.547,0.235955,-2.772,-0.0841746075946528,-0.031205,0,7.66561701811402,4.13096474564511,63.3261329795,0.449498175,8.99037727090453e-05,0.65600614,68.930859249526,0.249920902668458,1.7041883795342,68.930859249526,-1.16219596136429,0.26425025,-0.0813897937602238,-0.204188379534197,-1.0881952195,0.00809140542771836,-48.730859249526,0.461356977839135,-7.20426004027488,-17.2092712559136,4418,-9.50897605249346,-1.32604751494095,-9.31677065174938
"119",139,"Italy","2010",13.023,5428.82,3204,7.33333333333333,3,0.159020739272156,1.33333333333333,0.631408396796345,2024,2015,0,0,27047.1537773686,"EUR",0.19425,3.25653e+11,59819407,62.26029801,0,0.4729,0,0.4729,5.35612130023288e-05,0.0444853857145122,-0.459802404251162,2.56671702498557,1.99243016469021,0,0,10.2053370579389,-1.63860928973438,-0.748871329332307,-9.83468538985614,0,-0.748871329332307,0,"Italy 2010",0.3361573,0.7462046,68.2163741829857,20.8,1809.60666666667,7.50086478941048,-1.19662075672752,1.57311418432021,10.2727980024114,0,0.21501975,15.547,0.235955,-2.524,-0.0674609444725718,-0.041705,0,7.66561701811402,4.13132395154232,63.3261329795,0.449498175,9.07534907525914e-05,0.65600614,68.930859249526,0.249920902668458,1.7041883795342,68.930859249526,-1.16219596136429,0.25788025,-0.0909001633963019,-0.370855046200864,-1.0658349695,-0.0344247953632231,-48.130859249526,0.0697211630854122,-7.59589585502861,-16.8082284093763,4568,-9.48000994670854,-1.25096343786107,-9.3073636199658
"120",165,"Italy","2011",12.881,15024.26,3970,6.4,5,0.219265554454117,1.6,0.606898532915967,2024,2015,0,0,27610.3518424366,"EUR",0.2026,3.27465e+11,60026841,63.36370528,0,0.433175,0,0.433175,6.61370802438196e-05,0.0907394622884823,-0.499393663483888,2.55575335741395,1.85629799036563,0,0,10.2259460481402,-1.59652168716755,-0.836613475585227,-9.62378099647396,0,-0.836613475585227,0,"Italy 2011",0.275086,0.4856351,68.4015073889511,21.1,3004.852,8.00798359450851,-1.36264745567504,1.31955346508183,10.2727980024114,0,0.21501975,15.547,0.235955,-2.666,-0.0468519542711814,-0.033355,0,7.66561701811402,4.14889122559427,63.3261329795,0.449498175,0.000250292365043831,0.65600614,68.930859249526,0.249920902668458,1.7041883795342,68.930859249526,-1.16219596136429,0.21815525,-0.0306553482143408,-0.104188379534197,0.0375723004999955,-0.200451494310747,-47.830859249526,0.57683996818344,-7.08877704993058,-16.3008644577211,4718,-9.45116211018757,-1.01503423529132,-8.29288086321259
"121",191,"Italy","2012",15.441,67411.78,16379,5,21,0.369640168736211,2,0.610692733214837,2024,2015,0,0,27128.5042491311,"EUR",0.22145,3.2138e+11,60191247,63.71250653,0,0.27865,0,0.27865,0.000272115977261611,0.327625223947074,-0.493161337931691,2.73702630933873,1.6094379124341,0,0,10.2083402714066,-1.50755844861293,-1.27779876496659,-8.20928219555416,0,-1.27779876496659,0,"Italy 2012",0.4071077,0.4822093,68.7608794235259,22.5,3210.08476190476,8.07405262135325,-1.28336825186721,1.33995772717741,10.2727980024114,0,0.21501975,15.547,0.235955,-0.106,-0.0644577310047723,-0.014505,0,7.66561701811402,4.15438087815782,63.3261329795,0.449498175,0.00111995985064074,0.65600614,68.930859249526,0.249920902668458,1.7041883795342,68.930859249526,-1.16219596136429,0.06363025,0.119719266067753,0.295811620465803,0.386373550499997,-0.121172290502913,-46.430859249526,0.642908995028182,-7.02270802308584,-14.8685150633131,11168,-8.59222967603439,-0.398369076732804,-6.79446244195987
"122",217,"Italy","2013",16.741,5453.26,4605,8.33333333333333,3,0.245687405938823,1.66666666666667,0.644535216075416,2024,2015,0,0,26881.4017625428,"EUR",0.23075,3.10757e+11,60311613,63.6503394,0,0.28825,0,0.28825,7.63534545162969e-05,0.0299286166685737,-0.439225817171814,2.81786080043365,2.12026353620009,0,0,10.1991899421815,-1.46642040559917,-1.24392711983297,-9.48013728153017,0,-1.24392711983297,0,"Italy 2013",0.4695114,0.4880841,69.3073989916076,22.9,1817.75333333333,7.50535658529734,-1.24740171837288,1.64140475997279,10.2727980024114,0,0.21501975,15.547,0.235955,1.194,-0.0736080602299225,-0.00520499999999999,0,7.66561701811402,4.15340465727514,63.3261329795,0.449498175,9.04180758687386e-05,0.65600614,68.930859249526,0.249920902668458,1.7041883795342,68.930859249526,-1.16219596136429,0.07323025,-0.00423349672963513,-0.0375217128675303,0.324206420499998,-0.0852057570085825,-46.030859249526,0.0742129589722724,-7.59140405914175,-16.8164229415515,6218,-9.17983163960088,-1.2013092654842,-9.31106635625413
"123",243,"Italy","2014",17.082,9906.26,4771,7,4,0.245687405938823,1.75,0.649020622502697,2024,2015,0,0,27119.5544840017,"EUR",0.2392,3.04092e+11,60320707,63.57600397,0,0.2121,0,0.2121,7.90939005406551e-05,0.0375217254899528,-0.432290786969795,2.83802527752395,1.94591014905531,0,0,10.2080103143383,-1.43045525690566,-1.5506974174115,-9.44487479690146,0,-1.5506974174115,0,"Italy 2014",0.3588429,0.3783433,69.5807638614879,24.2,2476.565,7.81462779840301,-1.37829245760909,1.66363773177239,10.2727980024114,0,0.21501975,15.547,0.235955,1.535,-0.064787688073082,0.003245,0,7.66561701811402,4.15223610308282,63.3261329795,0.449498175,0.000164226523405967,0.65600614,68.930859249526,0.249920902668458,1.7041883795342,68.930859249526,-1.16219596136429,-0.00291975,-0.00423349672963513,0.0458116204658028,0.2498709905,-0.216096496244792,-44.730859249526,0.383484172077948,-7.28213284603607,-16.5288916412977,6218,-9.17998241179887,-1.07468475849137,-8.71426384289466
"124",269,"Italy","2015",17.525,15008.22,7120,6,9,0.339613091351129,2.33333333333333,0.612879687041885,2024,2015,0,0.0831726964939224,27615.616937883,"EUR",0.2439,3.09654e+11,60229605,63.54664576,0,0.2081,0,0.2081,0.000118214290131904,0.0492279521422457,-0.489586631408924,2.86362843292065,1.79175946922805,0,-2.48683615215395,10.2261367227659,-1.41099697376026,-1.56973654558255,-9.04301156239879,0,-1.56973654558255,0,"Italy 2015",0.3701946,0.5869675,69.6100006103516,25.2,1667.58,7.41912875265096,-1.24252559335872,1.35146811109987,10.2727980024114,0,0.21501975,15.547,0.235955,1.978,-0.0466612796455124,0.00794500000000001,0,7.66561701811402,4.15177421512526,63.3261329795,0.449498175,0.000249183437281383,0.65600614,68.930859249526,0.249920902668458,1.7041883795342,68.930859249526,-1.16219596136429,-0.00691975,0.0896921886826708,0.629144953799136,0.220512780499995,-0.0803296319944218,-43.730859249526,-0.0120148736741053,-7.67763189178812,-15.7164499894686,11918,-8.52786942549788,-0.815543510319175,-8.29732123681763
"125",295,"Italy","2016",17.415,20935.26,4589,8.75,4,0.316201138097322,1.75,0.697133037008907,2024,2015,0,0.167981614866075,28359.8166141711,"EUR",0.23015,3.08041e+11,60115223,63.40239133,0,0.1233,0,0.1233,7.63367375348504e-05,0.0725920805425954,-0.360779015547184,2.85733190381796,2.16905370036952,0,-1.78390074088834,10.2527285142701,-1.46902400871889,-2.09313486881184,-9.48035624754612,0,-2.09313486881184,0,"Italy 2016",0.4338893,0.6337422,69.5969232525286,25.6,5233.815,8.56289573664959,-1.18253282974202,1.91265572246593,10.2727980024114,0,0.21501975,15.547,0.235955,1.868,-0.0200694881413028,-0.005805,0,7.66561701811402,4.14950157887067,63.3261329795,0.449498175,0.00034825222223662,0.65600614,68.930859249526,0.249920902668458,1.7041883795342,68.930859249526,-1.16219596136429,-0.09171975,0.0662802354288646,0.0458116204658028,0.0762583504999981,-0.020336868377731,-43.330859249526,1.13175211032453,-6.53386490778949,-16.5254793008211,6218,-9.17657007132225,-0.983135571867908,-7.96258356417147
"126",321,"Italy","2017",18.267,16482.26,4030,11.3333333333333,3,0.316201138097322,2,0.701690341181075,2024,2015,0,0.310025518872388,29073.7920970033,"EUR",0.2106,3.14923e+11,60002252,63.37796477,0,0.111,0,0.111,6.71641457723953e-05,0.0590676169310527,-0.354263081702377,2.90509615329455,2.42774823594805,0,-1.17110066594778,10.2775924321388,-1.55779467928226,-2.1982250776698,-9.60837099787462,0,-2.1982250776698,0,"Italy 2017",0.3879336,0.6356778,69.5180784259382,26.9,5494.08666666667,8.61142764131541,-1.20702031178008,1.9351234361559,10.2727980024114,0,0.21501975,15.547,0.235955,2.72,0.00479442972735811,-0.025355,0,7.66561701811402,4.1491162421978,63.3261329795,0.449498175,0.000274694023150998,0.65600614,68.930859249526,0.249920902668458,1.7041883795342,68.930859249526,-1.16219596136429,-0.10401975,0.0662802354288646,0.295811620465803,0.0518317904999961,-0.0448243504157897,-42.030859249526,1.18028401499035,-6.48533300312367,-16.8112803641472,6326,-9.15746924894976,-1.07339516734036,-8.19985272283183
"127",347,"Italy","2018",17.796,130287.02,21855,5.79487179487179,39,0.229970440126923,1.61538461538461,0.615291481098792,2024,2015,0,0.5,29555.844787094,"EUR",0.2114,3.15619e+11,60148658,63.4835435,0,0.111,0,0.111,0.000363349752541445,0.410925735417645,-0.485659170449704,2.87897371294379,1.75697335314264,0,-0.693147180559945,10.2940367964092,-1.554003205546,-2.1982250776698,-7.92014468194921,0,-2.1982250776698,0,"Italy 2018",0.4350955,0.5602677,69.4800033569336,27.9,3340.69282051282,8.11393349575111,-1.22558260234205,1.33969953340257,10.2727980024114,0,0.21501975,15.547,0.235955,2.249,0.0212387939978083,-0.024555,0,7.66561701811402,4.15078071483123,63.3261329795,0.449498175,0.00216608357247139,0.65600614,68.930859249526,0.249920902668458,1.7041883795342,68.930859249526,-1.16219596136429,-0.10401975,-0.0199504625415345,-0.0888037641495822,0.157410520500001,-0.0633866409777517,-41.030859249526,0.682789869426048,-6.98282714868797,-14.248768043117,17828,-8.12380415518018,-0.160822679228981,-6.13483454736587
"128",373,"Italy","2019",18.181,325287.23,101827,4.5377358490566,106,0.345306105015345,1.82075471698113,0.647935751284083,2024,2015,0,0.689974481127613,30204.1613531606,"EUR",0.2321,3.14176e+11,59729081,64.2499082,0,0.08175,0,0.08175,0.00170481444373805,1.0313815548233,-0.433963736798433,2.90037709273714,1.51242817599369,0,-0.371100665947778,10.3157349870214,-1.46058696570175,-2.50408946920478,-6.37429900482131,0,-2.50408946920478,0,"Italy 2019",0.4586098,0.7011105,69.5050010681153,27.9,3068.74745283019,8.02902476150752,-1.10385574710479,1.55851185939505,10.2727980024114,0,0.21501975,15.547,0.235955,2.634,0.0429369846099483,-0.003855,0,7.66561701811402,4.16278029498053,63.3261329795,0.449498175,0.0054460444485995,0.65600614,68.930859249526,0.249920902668458,1.7041883795342,68.930859249526,-1.16219596136429,-0.13326975,0.0953852023468876,0.116566337446935,0.923775220499991,0.0583402142595,-41.030859249526,0.59788113518245,-7.06773588293157,-13.2418904845748,54864,-6.99271690398419,0.338838526680028,-5.21286572306731
"129",399,"Italy","2020",20.359,435297.74,138939,4.00735294117647,136,0.289593067071865,1.66911764705882,0.606349361969094,2024,2015,0,0.832018385133924,28096.3018615552,"EUR",0.21895,2.95366e+11,59438851,64.16973373,0,0.08175,0,0.08175,0.00233751153769779,0.391808981160606,-0.500298954128437,3.01352307456254,1.38813090892719,0,-0.183900740888339,10.2433932403106,-1.51891188573473,-2.50408946920478,-6.05866836090012,0,-2.50408946920478,0,"Italy 2020",0.5477288,0.4717415,69.5187492370606,28.6,3200.71867647059,8.07113064996913,-1.20084976141704,1.24241575898966,10.2727980024114,0,0.21501975,15.547,0.235955,4.812,-0.0294047621008122,-0.017005,0,7.66561701811402,4.16153166230703,63.3261329795,0.449498175,0.00732345482250321,0.65600614,68.930859249526,0.249920902668458,1.7041883795342,68.930859249526,-1.16219596136429,-0.13326975,0.0396721644034068,-0.0350707324753732,0.843600750500002,-0.0386538000527417,-40.330859249526,0.639987023644061,-7.02562999446996,-12.9878037420337,68664,-6.76347830437166,0.462418157781187,-4.91667309206454
"130",425,"Italy","2021",18.888,217467.38,37499,3.04918032786885,61,0.20947177115718,1.47540983606557,0.584999191936859,2024,2015,0,0.916827303506078,31158.6087220451,"EUR",0.23095,3.12828e+11,59133173,64.41111692,0,0.0776625,0,0.0776625,0.000634144898667961,0.252796700507139,-0.536144813055749,2.93852679978321,1.11487280953989,0,-0.0868361521539496,10.3468458495028,-1.46555404210552,-2.55538276359233,-7.363233082845,0,-2.55538276359233,0,"Italy 2021",0.574774,0.5735641,69.4812507629394,28.3,3565.03901639344,8.17893027707839,-1.11590076213532,1.00382707027811,10.2727980024114,0,0.21501975,15.547,0.235955,3.341,0.0740478470913679,-0.00500500000000001,0,7.66561701811402,4.16528624119404,63.3261329795,0.449498175,0.00367758685974791,0.65600614,68.930859249526,0.249920902668458,1.7041883795342,68.930859249526,-1.16219596136429,-0.13735725,-0.040449131511278,-0.228778543468623,1.0849839405,0.0462951992289746,-40.630859249526,0.747786650753327,-6.91783036736069,-13.784428763608,5550,-9.27374942104079,-0.00724973086076647,-5.60549848652957
"131",451,"Italy","2022",18.826,158118.82,30954,3.44186046511628,43,0.24109786697371,1.53488372093023,0.584999191936859,2024,2015,0,0.960834277203236,33857.7943309302,"EUR",0.3378,3.07797e+11,59013667,64.41111692,0,0.0776625,0,0.0776625,0.000524522565255943,0.158581924180335,-0.536144813055749,2.93523889312503,1.23601215807055,0,-0.0399533331624303,10.4299245127186,-1.08530127460844,-2.55538276359233,-7.55302210863974,0,-2.55538276359233,0,"Italy 2022",0.7178718,0.6011866,69.4839779766539,29.2,3677.18186046512,8.20990193900265,-1.02069497282244,1.00382707027811,10.2727980024114,0,0.21501975,15.547,0.235955,3.279,0.157126510307227,0.101845,0,7.66561701811402,4.16528624119404,63.3261329795,0.449498175,0.00267935934230286,0.65600614,68.930859249526,0.249920902668458,1.7041883795342,68.930859249526,-1.16219596136429,-0.13735725,-0.00882303569474785,-0.169304658603964,1.0849839405,0.141500988541855,-39.730859249526,0.778758312677581,-6.88685870543644,-14.1320795034189,NA,-9.27374942104079,-0.125278205435928,-5.92217756441624
"132",477,"Italy","2023",19.179,158118.82,30954,3.44186046511628,43,0.24109786697371,1.53488372093023,0.584999191936859,2024,2015,0,0.982013790037908,36325.0009121084,"EUR",0.35645,2.97721e+11,58984216,64.41111692,0,0.0776625,0,0.0776625,0.000524784460981901,0.314390853489845,-0.536144813055749,2.9538159304527,1.23601215807055,0,-0.0181499279178097,10.5002615135481,-1.0315613014185,-2.55538276359233,-7.55252293018225,0,-2.55538276359233,0,"Italy 2023",0.8533467,0.695748,69.5381540123301,30.6,3677.18186046512,8.20990193900265,-0.887806272794093,1.00382707027811,10.2727980024114,0,0.21501975,15.547,0.235955,3.632,0.227463511136717,0.120495,0,7.66561701811402,4.16528624119404,63.3261329795,0.449498175,0.00268069715464218,0.65600614,68.930859249526,0.249920902668458,1.7041883795342,68.930859249526,-1.16219596136429,-0.13735725,-0.00882303569474785,-0.169304658603964,1.0849839405,0.2743896885702,-38.330859249526,0.778758312677581,-6.88685870543644,-14.1315803249614,NA,-9.27374942104079,-0.125078613275069,-5.92167838595875
"133",503,"Italy","2024",19.385,29506,2981,4.625,8,0.24109786697371,1.5,0.584999191936859,2024,2015,0,0.99183742884684,37311.5947319397,"EUR",0.31925,NA,58952704,64.41111692,0,0.0776625,0,0.0776625,5.0565958772646e-05,NA,-0.536144813055749,2.96449957112289,1.53147637096439,0,-0.00819606733826776,10.5270594080501,-1.14178078406949,-2.55538276359233,-9.89223195959845,0,-2.55538276359233,0,"Italy 2024",0.7922891,0.6401491,69.6047535143071,31.6,3688.25,8.21290736979768,-0.955810886492298,1.00382707027811,10.2727980024114,0,0.21501975,15.547,0.235955,3.838,0.254261405638658,0.083295,0,7.66561701811402,4.16528624119404,63.3261329795,0.449498175,0.000500502911622171,0.65600614,68.930859249526,0.249920902668458,1.7041883795342,68.930859249526,-1.16219596136429,-0.13735725,-0.00882303569474785,-0.204188379534197,1.0849839405,0.206385074871996,-37.330859249526,0.78176374347261,-6.88385327464141,-15.8128045115967,NA,-9.27374942104079,-0.868150970127794,-7.599897141799
"134",376,"Luxembourg","2019",7.046,221.16,225,4,2,0.14,1,0.363473872580762,2021,2018,0,0.167981614866075,100669.240856063,"EUR",0.17985,7631999999.99997,620001,86.29369395,0,0.10208,0,0.10208,0.000362902640479612,0.028866462899483,-1.01204786194878,1.95246007991905,1.38629436111989,0,-1.78390074088834,11.5195955787798,-1.7156321088405,-2.28199845938566,-7.92137596771878,0,-2.28199845938566,0,"Luxembourg 2019",1.9821714,1.7336486,93.2589839734767,56.1,110.58,4.70573924090979,0.972367063331568,-0.346684460357362,11.6417277575726,0,0.0170133333333333,12.2996666666667,0.197333333333333,-5.25366666666667,-0.122132178792786,-0.0174833333333333,0,4.99224010006096,4.45775652415651,85.7616612183333,2.01110725,0.000356709102082093,1.82219558333333,94.3518612871608,0.170868753131976,1.38888888888889,94.3518612871608,1.02896045146449,0.0850666666666667,-0.0308687531319757,-0.388888888888889,0.532032731666675,-0.0565933881329259,-38.2518612871608,-2.72540438541528,-7.71764448547624,-12.6443291893633,344,-7.4968347125498,-0.0948226690229079,-7.93858994845347
"135",402,"Luxembourg","2020",11.699,60,240,1.5,2,0.14,1,0.259762708892521,2021,2018,0,0.310025518872388,102311.702217097,"EUR",0.19855,7552999999.99999,630419,85.71212436,0,0,0,0,0.000380699185779616,0.0021119335125613,-1.34798672279828,2.45950336806546,0.405465108108164,0,-1.17110066594778,11.5357793365715,-1.61671432140488,0,-7.87350103332354,0,0,0,"Luxembourg 2020",1.9824291,1.8008159,93.8600689970981,60.6,30,3.40119738166216,0.998627624241712,-0.892379323130734,11.6417277575726,0,0.0170133333333333,12.2996666666667,0.197333333333333,-0.600666666666667,-0.105948421001075,0.00121666666666667,0,4.99224010006096,4.45099429004291,85.7616612183333,2.01110725,9.51747964449041e-05,1.82219558333333,94.3518612871608,0.170868753131976,1.38888888888889,94.3518612871608,1.02896045146449,-0.0170133333333333,-0.0308687531319757,-0.388888888888889,-0.049536858333326,-0.0303328272227827,-33.7518612871608,-4.02994624466291,-9.02218634472387,-12.6609927761056,344,-7.51349829929213,-0.259537236677088,-9.25979539444343
"136",428,"Luxembourg","2021",11.713,1034.86,521,3.33333333333333,6,0.166458931255979,1.33333333333333,0.39757281099001,2021,2018,0,0.5,114112.805906909,"EUR",0.19885,7.778e+09,640064,85.64103725,0,0,0,0,0.000813981101889811,0.0483834195133012,-0.922377189359835,2.46069933608774,1.20397280432594,0,-0.693147180559945,11.6449427636182,-1.61520450732844,0,-7.11357340858282,0,0,0,"Luxembourg 2021",1.9512038,1.8555011,94.5861743396533,62.6,172.476666666667,5.1502619616217,1.01385824775586,-0.101937395964198,11.6417277575726,0,0.0170133333333333,12.2996666666667,0.197333333333333,-0.586666666666668,0.0032150060456253,0.00151666666666667,0,4.99224010006096,4.45016457539498,85.7616612183333,2.01110725,0.00161680706929307,1.82219558333333,94.3518612871608,0.170868753131976,1.38888888888889,94.3518612871608,1.02896045146449,-0.0170133333333333,-0.00440982187599651,-0.055555555555556,-0.120623968333334,-0.0151022037086364,-31.7518612871608,-2.28088166470336,-7.27312176476433,-11.5775639811081,1032,-6.43006950429468,0.40634008018721,-6.42730201948643
"137",454,"Luxembourg","2022",14.286,783.7,268,3.33333333333333,3,0.192917862511958,1.66666666666667,0.39757281099001,2021,2018,1,0.689974481127613,117487.126839105,"EUR",0.20295,7616000000.00002,653103,85.64103725,0,0,0,0,0.000410348750503366,0.0317656255704722,-0.922377189359835,2.65928003673278,1.20397280432594,0,-0.371100665947778,11.6740840477482,-1.59479563569723,0,-7.7985031488466,0,0,0,"Luxembourg 2022",1.9655271,1.8671503,94.7605400940185,61,261.233333333333,5.56541400539071,1.02894028738596,-0.101937395964198,11.6417277575726,0,0.0170133333333333,12.2996666666667,0.197333333333333,1.98633333333333,0.0323562901756347,0.00561666666666666,0,4.99224010006096,4.45016457539498,85.7616612183333,2.01110725,0.00119996386481152,1.82219558333333,94.3518612871608,0.170868753131976,1.38888888888889,94.3518612871608,1.02896045146449,-0.0170133333333333,0.0220491093799826,0.277777777777778,-0.120623968333334,-2.0164078530005e-05,-33.3518612871608,-1.86572962093436,-6.85796972099532,-12.2908778406894,NA,-6.43006950429468,0.176485521996472,-6.72546383529864
"138",480,"Luxembourg","2023",14.312,783.7,268,3.33333333333333,3,0.192917862511958,1.66666666666667,0.39757281099001,2021,2018,2,0.832018385133924,123216.947016191,"EUR",0.20115,7616000000.00001,666430,85.64103725,0,0,0,0,0.000402142760680041,0.0609142243494127,-0.922377189359835,2.66109834620642,1.20397280432594,0.693147180559945,-0.183900740888339,11.7217018775711,-1.60370438058634,0,-7.81870340631784,0,0,0,"Luxembourg 2023",2.1455984,1.8374052,94.8015300320787,60.2,261.233333333333,5.56541400539071,1.10843164410648,-0.101937395964198,11.6417277575726,0,0.0170133333333333,12.2996666666667,0.197333333333333,2.01233333333333,0.079974119998484,0.00381666666666666,0,4.99224010006096,4.45016457539498,85.7616612183333,2.01110725,0.0011759674684513,1.82219558333333,94.3518612871608,0.170868753131976,1.38888888888889,94.3518612871608,1.02896045146449,-0.0170133333333333,0.0220491093799826,0.277777777777778,-0.120623968333334,0.0794711926419818,-34.1518612871608,-1.86572962093436,-6.85796972099532,-12.3110780981606,NA,-6.43006950429468,0.168408624890684,-6.74566409276987
"139",506,"Luxembourg","2024",14.742,783.7,268,3.33333333333333,3,0.192917862511958,1.66666666666667,0.39757281099001,2021,2018,3,0.916827303506078,127295.055331368,"EUR",0.20265,NA,677012,85.64103725,0,0,0,0,0.00039585708968231,NA,-0.922377189359835,2.6907005627671,1.20397280432594,1.09861228866811,-0.0868361521539496,11.7542629411467,-1.59627492590782,0,-7.83445729648496,0,0,0,"Luxembourg 2024",2.0397137,1.8386524,94.8438702866393,63.8,261.233333333333,5.56541400539071,1.05153784196539,-0.101937395964198,11.6417277575726,0,0.0170133333333333,12.2996666666667,0.197333333333333,2.44233333333333,0.112535183574115,0.00531666666666666,0,4.99224010006096,4.45016457539498,85.7616612183333,2.01110725,0.00115758657158219,1.82219558333333,94.3518612871608,0.170868753131976,1.38888888888889,94.3518612871608,1.02896045146449,-0.0170133333333333,0.0220491093799826,0.277777777777778,-0.120623968333334,0.0225773905008926,-30.5518612871608,-1.86572962093436,-6.85796972099532,-12.3268319883277,NA,-6.43006950429468,0.162109569045632,-6.761417982937
"140",404,"Malta","2020",10.714,997,366,1,1,0.14,1,0.503057489583575,2021,2025,0,0,27861.6095030843,"EUR",0.12925,2.43e+09,515490,62.00241743,0,0.091,0,0.091,0.000710004073793866,0.109078048826573,-0.687050822006683,2.37155129745877,0,0,0,10.2350050167737,-2.0460067655936,-2.39689577246529,-7.25023985020753,0,-2.39689577246529,0,"Malta 2020",1.0778299,1.0901554,95.1841082280263,40.2,997,6.90475076996184,-0.58471847471237,0.690764411274911,10.4391857038882,0,0.0896,14.0064,0.12885,-3.2924,-0.204180687114585,0.000400000000000011,0,6.90475076996184,4.12717337509142,62.800941502,0.8793911,0.00193408213544395,0.67910538,95.5161624533732,0.14,1,95.5161624533732,-0.927925796088852,0.0014,0,0,-0.798524071999999,0.343207321376482,-55.3161624533732,-0.526392856363228,-7.43114362632507,-13.1528731836089,1800,-5.65733123972464,0.186850741083058,-6.24812241364706
"141",430,"Malta","2021",12.631,997,366,1,1,0.14,1,0.507542896010856,2021,2025,0,0,32210.6463191379,"EUR",0.13015,2.56e+09,518150,63.00057252,0,0.08925,0,0.08925,0.000706359162404709,0.141624402343498,-0.678174047478839,2.53615410979184,0,0,0,10.3800523079152,-2.03906764754156,-2.41631385832239,-7.255386721211,0,-2.41631385832239,0,"Malta 2021",1.0227164,0.7210401,95.5145343617045,42.9,997,6.90475076996184,-0.818208068595689,0.711196563117401,10.4391857038882,0,0.0896,14.0064,0.12885,-1.3754,-0.0591333959730154,0.0013,0,6.90475076996184,4.14314381396929,62.800941502,0.8793911,0.00192415323747949,0.67910538,95.5161624533732,0.14,1,95.5161624533732,-0.927925796088852,-0.000350000000000003,0,0,0.199631017999998,0.109717727493163,-52.6161624533732,-0.526392856363228,-7.43114362632507,-13.1580200546124,1800,-5.66247811072811,0.184567729356672,-6.25326928465052
"142",456,"Malta","2022",14.04,997,366,1,1,0.14,1,0.507542896010856,2021,2025,1,0,33843.542376962,"EUR",0.1291,2.748e+09,531113,63.00057252,0,0.08925,0,0.08925,0.0006891188880709,0.111998686915705,-0.678174047478839,2.64191039859766,0,0,0,10.4295034884118,-2.04716798112954,-2.41631385832239,-7.28009675020909,0,-2.41631385832239,0,"Malta 2022",0.9128888,0.5640572,95.6003155132879,42.5,997,6.90475076996184,-0.976138901626516,0.711196563117401,10.4391857038882,0,0.0896,14.0064,0.12885,0.0335999999999999,-0.00968221547640624,0.00025,0,6.90475076996184,4.14314381396929,62.800941502,0.8793911,0.001877189976521,0.67910538,95.5161624533732,0.14,1,95.5161624533732,-0.927925796088852,-0.000350000000000003,0,0,0.199631017999998,-0.0482131055376643,-53.0161624533732,-0.526392856363228,-7.43114362632507,-13.1827300836105,NA,-5.66247811072811,0.17468763936362,-6.27797931364861
"143",482,"Malta","2023",15.437,997,366,1,1,0.14,1,0.507542896010856,2021,2025,2,0,37831.3255826644,"EUR",0.127,2.787e+09,552747,63.00057252,0,0.08925,0,0.08925,0.000662147420067409,0.211764909367798,-0.678174047478839,2.7367672251997,0,0.693147180559945,0,10.5408927575277,-2.06356819252355,-2.41631385832239,-7.32002233789519,0,-2.41631385832239,0,"Malta 2023",0.7610244,0.5286404,95.6272277147965,46.2,997,6.90475076996184,-1.08099090248235,0.711196563117401,10.4391857038882,0,0.0896,14.0064,0.12885,1.4306,0.101707053639444,-0.00184999999999999,0,6.90475076996184,4.14314381396929,62.800941502,0.8793911,0.00180371851859893,0.67910538,95.5161624533732,0.14,1,95.5161624533732,-0.927925796088852,-0.000350000000000003,0,0,0.199631017999998,-0.153065106393503,-49.3161624533732,-0.526392856363228,-7.43114362632507,-13.2226556712966,NA,-5.66247811072811,0.15872374068124,-6.31790490133471
"144",508,"Malta","2024",17.21,997,366,1,1,0.14,1,0.507542896010856,2021,2025,3,0,40557.4573955144,"EUR",0.12875,NA,568847,63.00057252,0,0.08925,0,0.08925,0.000643406750848647,NA,-0.678174047478839,2.84549061022345,0,1.09861228866811,0,10.6104749488128,-2.04988273943829,-2.41631385832239,-7.34873345075458,0,-2.41631385832239,0,"Malta 2024",0.622496,0.4916338,95.6546264490509,47.1,997,6.90475076996184,-1.17957263302733,0.711196563117401,10.4391857038882,0,0.0896,14.0064,0.12885,3.2036,0.171289244924564,-9.9999999999989e-05,0,6.90475076996184,4.14314381396929,62.800941502,0.8793911,0.00175266811638279,0.67910538,95.5161624533732,0.14,1,95.5161624533732,-0.927925796088852,-0.000350000000000003,0,0,0.199631017999998,-0.251646836938478,-48.4161624533732,-0.526392856363228,-7.43114362632507,-13.2513667841559,NA,-5.66247811072811,0.147243852135849,-6.3466160141941
"145",15,"Netherlands","2005",2.478,9311.48,836,10,1,0.293783593334392,2,0.67176606660048,2021,2013,0,0,33892.5535427125,"EUR",0.19575,1.12809e+11,16319868,84.06294127,0,0,0.10055,0.10055,5.12259045232474e-05,1.7034907949285,-0.397845114242998,0.907451783206951,2.30258509299405,0,0,10.4309506097329,-1.63091694411123,-2.29710016276348,-9.87926520614753,0,0,-2.29710016276348,"Netherlands 2005",1.9473728,1.9779286,83.5048949725161,33.3,9311.48,9.1390033264876,1.04525585369127,1.74987148357109,10.6766809786049,0,0.0649751165785,7.7072,0.1834425,-5.2292,-0.245730368872003,0.0123075,0,8.15845261451466,4.43156581909093,82.4667473715,1.87366628,0.000570560987380535,1.79632955,90.0806753862638,0.220438604828723,1.27577827413161,90.0806753862638,0.848092058102555,0.0355748834215,0.0733449885056694,0.724221725868389,1.59619389849999,0.197163795588712,-56.7806753862639,1.70785970016254,-6.45059291435212,-16.6078938192322,1800,-9.11235187534798,-0.974955539240209,-7.46889049274463
"146",41,"Netherlands","2006",2.778,9352.48,1372,5.5,2,0.293783593334392,1.5,0.676251473027761,2021,2013,0,0,35937.8667732446,"EUR",0.21085,1.14845e+11,16346101,84.09670283,0,0,0.10055,0.10055,8.39343890020012e-05,3.81569835512605,-0.391190270594227,1.02173124433215,1.70474809223843,0,0,10.4895468033518,-1.55660829878957,-2.29710016276348,-9.38547514763498,0,0,-2.29710016276348,"Netherlands 2006",1.75539,1.793438,84.6532280358545,34.6,4676.24,8.45024964719442,0.826305754387472,1.77907877133226,10.6766809786049,0,0.0649751165785,7.7072,0.1834425,-4.9292,-0.187134175253034,0.0274075,0,8.15845261451466,4.43196736085958,82.4667473715,1.87366628,0.000572153567385886,1.79632955,90.0806753862638,0.220438604828723,1.27577827413161,90.0806753862638,0.848092058102555,0.0355748834215,0.0733449885056694,0.224221725868389,1.62995545849999,-0.0217863037150837,-55.4806753862638,1.01910602086935,-7.13934659364531,-15.9163527753609,1800,-9.11395801203655,-0.806656753516744,-7.46610312816644
"147",67,"Netherlands","2007",3.298,9352.48,1475,5.5,2,0.293783593334392,1.5,0.680736879455042,2021,2013,0,0,38016.5155060868,"EUR",0.175,1.1725e+11,16381696,84.17133195,0,0,0.10055,0.10055,9.00395172758669e-05,0.528308753424224,-0.384579421275348,1.19331622413741,1.70474809223843,0,0,10.5457759628705,-1.74296930505862,-2.29710016276348,-9.31526190315883,0,0,-2.29710016276348,"Netherlands 2007",1.7574727,1.8554736,85.4089231499726,35.7,4676.24,8.45024964719442,0.868245575819162,1.80425353064902,10.6766809786049,0,0.0649751165785,7.7072,0.1834425,-4.4092,-0.130905015734402,-0.00844250000000002,0,8.15845261451466,4.43285438762008,82.4667473715,1.87366628,0.000570910362394712,1.79632955,90.0806753862638,0.220438604828723,1.27577827413161,90.0806753862638,0.848092058102555,0.0355748834215,0.0733449885056694,0.224221725868389,1.70458457849999,0.0201535177166066,-54.3806753862638,1.01910602086935,-7.13934659364531,-15.9185279913728,1800,-9.11613322804849,-0.799791390760572,-7.46827834417839
"148",93,"Netherlands","2008",3.596,9352.48,1579,5.5,2,0.293783593334392,1.5,0.685222285882323,2021,2013,0,0,39603.2541970363,"EUR",0.17835,1.17965e+11,16445593,84.20828631,0,0,0.1426,0.1426,9.60135642418002e-05,0.393821601193755,-0.378011988422553,1.27982211660937,1.70474809223843,0,0,10.5866665705591,-1.72400736717724,-1.94771177100194,-9.2510210822921,0,0,-1.94771177100194,"Netherlands 2008",1.7685675,1.7453699,85.6149582464487,38.3,4676.24,8.45024964719442,0.80648456389697,1.83213083981006,10.6766809786049,0,0.0649751165785,7.7072,0.1834425,-4.1112,-0.0900144080457626,-0.0050925,0,8.15845261451466,4.43329332863889,82.4667473715,1.87366628,0.000568692171817702,1.79632955,90.0806753862638,0.220438604828723,1.27577827413161,90.0806753862638,0.848092058102555,0.0776248834215,0.0733449885056694,0.224221725868389,1.7415389385,-0.0416074942055856,-51.7806753862639,1.01910602086935,-7.13934659364531,-15.9224209159878,1800,-9.12002615266349,-0.794148187465219,-7.47217126879338
"149",119,"Netherlands","2009",4.266,9432.48,1945,4,3,0.296891796667196,1.33333333333333,0.686864075915759,2021,2013,0,0,38122.0936858832,"EUR",0.19425,1.13337e+11,16530388,84.35209886,0,0,0.1426,0.1426,0.000117662089964253,0.426473092475583,-0.375618857986014,1.45067662004916,1.38629436111989,0,0,10.548549279814,-1.63860928973438,-1.94771177100194,-9.04769368594348,0,0,-1.94771177100194,"Netherlands 2009",1.7769018,1.6683007,86.2223179632671,38.4,3144.16,8.05330204283946,0.766779279853141,1.84961807146191,10.6766809786049,0,0.0649751165785,7.7072,0.1834425,-3.4412,-0.128131698790833,0.0108075,0,8.15845261451466,4.43499969143285,82.4667473715,1.87366628,0.000570614555447821,1.79632955,90.0806753862638,0.220438604828723,1.27577827413161,90.0806753862638,0.848092058102555,0.0776248834215,0.0764531918384733,0.057555059201722,1.88535148849999,-0.0813127782494145,-51.6806753862639,0.622158416514391,-7.53629419800027,-15.5220986533279,3600,-8.43202181755182,-0.675298908544993,-7.46879661048846
"150",145,"Netherlands","2010",3.917,9432.48,2185,4,3,0.296891796667196,1.33333333333333,0.69134948234304,2021,2013,0,0,38700.3762896023,"EUR",0.1778,1.16412e+11,16615394,83.64386242,0,0,0.1426,0.1426,0.000131504555353909,0.216219642029796,-0.369109819910299,1.36532605468369,1.38629436111989,0,0,10.5636046022161,-1.72709595590233,-1.94771177100194,-8.93646906547187,0,0,-1.94771177100194,"Netherlands 2010",1.7362289,1.646277,87.3502790247129,40.3,3144.16,8.05330204283946,0.711550080841461,1.88129837429801,10.6766809786049,0,0.0649751165785,7.7072,0.1834425,-3.7902,-0.113076376388713,-0.00564249999999999,0,8.15845261451466,4.42656805259512,82.4667473715,1.87366628,0.000567695234912877,1.79632955,90.0806753862638,0.220438604828723,1.27577827413161,90.0806753862638,0.848092058102555,0.0776248834215,0.0764531918384733,0.057555059201722,1.1771150485,-0.136541977261095,-49.7806753862639,0.622158416514391,-7.53629419800027,-15.5272278843334,3600,-8.43715104855736,-0.664988148504232,-7.47392584149399
"151",171,"Netherlands","2011",4.524,9432.48,2443,4,3,0.296891796667196,1.33333333333333,0.695834888770321,2021,2013,0,0,39298.5138626954,"EUR",0.18015,1.17854e+11,16693074,83.39920657,0,0,0.12,0.12,0.000146348120184455,0.15828857351514,-0.36264287556919,1.50939655825387,1.38629436111989,0,0,10.5789419819437,-1.71396544178804,-2.12026353620009,-8.82952238956583,0,0,-2.12026353620009,"Netherlands 2011",1.853741,1.7926864,88.0059204972573,40,3144.16,8.05330204283946,0.860387399376103,1.91245164323487,10.6766809786049,0,0.0649751165785,7.7072,0.1834425,-3.1832,-0.0977389966611035,-0.0032925,0,8.15845261451466,4.42363879577029,82.4667473715,1.87366628,0.000565053506621968,1.79632955,90.0806753862638,0.220438604828723,1.27577827413161,90.0806753862638,0.848092058102555,0.0550248834215,0.0764531918384733,0.057555059201722,0.932459198499998,0.0122953412735481,-50.0806753862638,0.622158416514391,-7.53629419800027,-15.5318921721555,3600,-8.44181533637937,-0.654984188508519,-7.478590129316
"152",197,"Netherlands","2012",4.659,10614.48,6283,4,5,0.218445898333598,1.2,0.674650083772301,2021,2013,0,0,39285.7948588603,"EUR",0.1857,1.15153e+11,16754962,83.32413123,0,0,0.11,0.11,0.000374993390017835,0.143973926395111,-0.393561116933851,1.53880083283466,1.38629436111989,0,0,10.5786182785441,-1.68362281062348,-2.20727491318972,-7.88860215876832,0,0,-2.20727491318972,"Netherlands 2012",1.9206541,1.7611187,88.5342462391333,41.4,2122.896,7.66053647322119,0.875057626469798,1.80235253793536,10.6766809786049,0,0.0649751165785,7.7072,0.1834425,-3.0482,-0.098062700060753,0.0022575,0,8.15845261451466,4.42273819785682,82.4667473715,1.87366628,0.00063351262748313,1.79632955,90.0806753862638,0.220438604828723,1.27577827413161,90.0806753862638,0.848092058102555,0.0450248834215,-0.00199270649512465,-0.0757782741316111,0.8573838585,0.0269655683672423,-48.6806753862639,0.229392846896125,-7.92905976761853,-15.0247670987372,7200,-7.75236870616712,-0.424608652364641,-7.36423062551598
"153",223,"Netherlands","2013",4.691,39519.48,7033,6.16666666666667,6,0.218445898333598,1.16666666666667,0.713879348355018,2021,2013,0,0.0831726964939224,39606.6347258866,"EUR",0.19015,1.14734e+11,16804432,81.75567019,0,0,0.05790000025,0.05790000025,0.000418520542675885,0.587449375201533,-0.337041310816196,1.54564577934632,1.81915844341617,0,-2.48683615215395,10.5867519267917,-1.65994204460787,-2.8490378900854,-7.77878458279767,0,0,-2.8490378900854,"Netherlands 2013",1.8904217,1.759796,89.1749992370605,43,6586.58,8.79278952465245,0.814997200012686,1.91928355278393,10.6766809786049,0,0.0649751165785,7.7072,0.1834425,-3.0162,-0.0899290518131437,0.00670750000000001,0,8.15845261451466,4.40373516749438,82.4667473715,1.87366628,0.00235172959133638,1.79632955,90.0806753862638,0.220438604828723,1.27577827413161,90.0806753862638,0.848092058102555,-0.0070751163285,-0.00199270649512465,-0.109111607464944,-0.711077181500002,-0.0330948580898689,-47.0806753862638,1.36164589832738,-6.79680671618728,-14.8453937498776,7200,-7.75531691410154,-0.217935763007023,-6.05260422522518
"154",249,"Netherlands","2014",5.415,400239.28,16570,3.96875,64,0.210430210380067,1.328125,0.769145343724185,2021,2013,0,0.167981614866075,40238.7594479647,"EUR",0.1821,1.13151e+11,16865008,81.88875623,0,0,0.0560583332,0.0560583332,0.000982507686921939,4.07417225188886,-0.262475323792909,1.68917288045295,1.37845118365887,0,-1.78390074088834,10.6025859754705,-1.70319929224858,-2.88136246611705,-6.92540239041234,0,0,-2.88136246611705,"Netherlands 2014",1.9168757,1.663238,89.8364787097165,44.3,6253.73875,8.74093476388015,0.772688917432991,2.30530908258948,10.6766809786049,0,0.0649751165785,7.7072,0.1834425,-2.2922,-0.0740950031343637,-0.0013425,0,8.15845261451466,4.40536169486537,82.4667473715,1.87366628,0.0237319353776767,1.79632955,90.0806753862638,0.220438604828723,1.27577827413161,90.0806753862638,0.848092058102555,-0.0089167833785,-0.0100083944486561,0.052346725868389,-0.577991141500007,-0.075403140669564,-45.7806753862639,1.30979113755508,-6.84866147695958,-12.4818684174733,82800,-5.3165681604596,0.663866758534634,-3.74093365359313
"155",275,"Netherlands","2015",5.714,23501.48,4518,4.85714285714286,7,0.170756718666878,1.14285714285714,0.687798218240941,2021,2013,0,0.310025518872388,41273.8003590689,"EUR",0.1916,1.13697e+11,16939923,81.96608738,0,0,0.0297078572,0.0297078572,0.000266707233557083,0.20994497487045,-0.374259771506458,1.74291930380858,1.58045037556085,0,-1.17110066594778,10.6279832037765,-1.65234541344538,-3.51634371597269,-8.22935900469536,0,0,-3.51634371597269,"Netherlands 2015",1.9280339,1.7856938,90.2787737214621,45.1,3357.35428571429,8.11890852781726,0.857406601643724,1.7883827830255,10.6766809786049,0,0.0649751165785,7.7072,0.1834425,-1.9932,-0.0486977748283941,0.00815749999999998,0,8.15845261451466,4.40630559318461,82.4667473715,1.87366628,0.0013873427878037,1.79632955,90.0806753862638,0.220438604828723,1.27577827413161,90.0806753862638,0.848092058102555,-0.0352672593785,-0.0496818861618443,-0.132921131274468,-0.500659991500001,0.00931454354116834,-44.9806753862638,0.687764901492199,-7.47068771302246,-14.699273552668,9000,-7.54020384540495,-0.299521692188675,-6.58036502485073
"156",301,"Netherlands","2016",5.846,95339.48,5530,4.06666666666667,15,0.178080595204878,1.13333333333333,0.691008867279804,2021,2013,0,0.5,42287.8286331068,"EUR",0.1606,1.14639e+11,17030314,81.99181422,0,0,0.0502999999,0.0502999999,0.000324715093332983,0.888300280662458,-0.369602622764526,1.76575766668905,1.4028236630711,0,-0.693147180559945,10.6522545844595,-1.82883847746948,-2.98975020386451,-8.03256239600301,0,0,-2.98975020386451,"Netherlands 2016",1.9619805,1.9568543,90.5803239452777,45.2,6355.96533333333,8.75714907347769,0.983568671850301,1.70346796191992,10.6766809786049,0,0.0649751165785,7.7072,0.1834425,-1.8612,-0.0244263941453937,-0.0228425,0,8.15845261451466,4.40661941569588,82.4667473715,1.87366628,0.00559822208797794,1.79632955,90.0806753862638,0.220438604828723,1.27577827413161,90.0806753862638,0.848092058102555,-0.0146751166785,-0.0423580096238448,-0.142444940798278,-0.474933151500011,0.135476613747746,-44.8806753862638,1.32600544715262,-6.83244716736204,-13.9424552894172,21600,-6.67005689684713,0.0609459718303179,-5.18530621593949
"157",327,"Netherlands","2017",6.507,38360.38,6710,3.47826086956522,23,0.160280725118659,1.08695652173913,0.659707123263668,2021,2013,0,0.689974481127613,43829.7838061989,"EUR",0.1595,1.15259e+11,17131296,82.18475189,0,0,0.05103333355,0.05103333355,0.000391680816209118,0.375616898518796,-0.415959295079808,1.87287852051285,1.24653241874473,0,-0.371100665947778,10.6880688608476,-1.83571135675724,-2.97527626074102,-7.84506329421531,0,0,-2.97527626074102,"Netherlands 2017",2.0046983,1.9684193,91.1219700676602,46.6,1667.84260869565,7.4192862191714,1.01932478046253,1.59472693817781,10.6766809786049,0,0.0649751165785,7.7072,0.1834425,-1.2002,0.0113878822427669,-0.0239425,0,8.15845261451466,4.4089697847332,82.4667473715,1.87366628,0.00223919894910461,1.79632955,90.0806753862638,0.220438604828723,1.27577827413161,90.0806753862638,0.848092058102555,-0.0139417830285,-0.0601578797100638,-0.188821752392481,-0.281995481500005,0.171232722359978,-43.4806753862638,-0.0118574071536655,-8.17031002166832,-13.5209233082519,34200,-6.21643660113034,0.0555132377914452,-6.10163708908048
"158",353,"Netherlands","2018",7.394,63370.13,9665,3.72413793103448,29,0.184555670523463,1.17241379310345,0.634655755204135,2021,2013,0,0.832018385133924,45687.6844573675,"EUR",0.18,1.17016e+11,17231624,80.08881796,0,0,0.0335666667,0.0335666667,0.000560887354552305,0.539094224943229,-0.454672544877187,2.00066886051444,1.31483539713775,0,-0.183900740888339,10.7295840538545,-1.71479842809193,-3.39422176693268,-7.48599046662781,0,0,-3.39422176693268,"Netherlands 2018",2.0295602,1.9366985,92.6062472401044,47.6,2185.17689655172,7.68945206377288,0.955892686405209,1.44333075694331,10.6766809786049,0,0.0649751165785,7.7072,0.1834425,-0.3132,0.0529030752496862,-0.00344250000000001,0,8.15845261451466,4.38313624333044,82.4667473715,1.87366628,0.00367754832626339,1.79632955,90.0806753862638,0.220438604828723,1.27577827413161,90.0806753862638,0.848092058102555,-0.0314084498785,-0.0358829343052602,-0.103364481028163,-2.37792941150001,0.107800628302653,-42.4806753862638,0.258308437447819,-7.90014417706684,-13.2949610282838,46800,-5.9086183763645,0.207748929350337,-5.60550896451088
"159",379,"Netherlands","2019",8.886,182375.23,12766,4.66666666666667,36,0.176271869609366,1.16666666666667,0.800800325908472,2021,2013,0,0.916827303506078,47839.3212888142,"EUR",0.2065,1.17205e+11,17344874,82.04801137,0,0,0.02702424265,0.02702424265,0.000736009958907744,1.55004770871442,-0.222143644002598,2.18447700451372,1.54044504094715,0,-0.0868361521539496,10.7756032014171,-1.57745486658105,-3.61102093990135,-7.21426690820229,0,0,-3.61102093990135,"Netherlands 2019",2.0639557,1.8629208,93.8898028856479,49.1,5065.97861111111,8.53030260850595,0.981939000017037,2.50708301940691,10.6766809786049,0,0.0649751165785,7.7072,0.1834425,1.1788,0.0989222228122966,0.0230575,0,8.15845261451466,4.40730458043556,82.4667473715,1.87366628,0.0105146471516599,1.79632955,90.0806753862638,0.220438604828723,1.27577827413161,90.0806753862638,0.848092058102555,-0.0379508739285,-0.0441667352193572,-0.109111607464944,-0.418736001500008,0.133846941914481,-40.9806753862638,1.09915898218088,-7.05929363233378,-13.0852886355622,45000,-5.95438980526584,0.402198272381304,-4.55498602705624
"160",405,"Netherlands","2020",13.999,2462090.25,201098,3.40416666666667,960,0.17034036889483,1.13020833333333,0.716608799032473,2021,2013,0,0.960834277203236,46811.5127712639,"EUR",0.13965,1.15874e+11,17441500,81.24042111,0,0,0.01236174265,0.01236174265,0.011529856950377,5.64893327848449,-0.333225195324718,2.63898589849269,1.22500017151801,0,-0.0399533331624303,10.7538844510388,-1.96861598659095,-4.39314884579058,-4.4628153515104,0,0,-4.39314884579058,"Netherlands 2020",2.0397583,1.7647356,94.2532277765935,52.3,2564.67734375,7.84958795778207,0.885375801752281,1.91660651287625,10.6766809786049,0,0.0649751165785,7.7072,0.1834425,6.2918,0.0772034724339772,-0.0437925,0,8.15845261451466,4.39741292022903,82.4667473715,1.87366628,0.141162758363673,1.79632955,90.0806753862638,0.220438604828723,1.27577827413161,90.0806753862638,0.848092058102555,-0.0526133739285,-0.0500982359338926,-0.145569940798278,-1.22632626150001,0.0372837436497262,-37.7806753862639,0.418444331457007,-7.74000828305765,-9.80742969745896,615600,-3.34401030097398,1.68430156130187,-1.95784173967689
"161",431,"Netherlands","2021",13.117,2028810.38,172375,3.37633136094674,845,0.164863977936623,1.12426035502959,0.843824773319955,2021,2013,0,0.982013790037908,50849.6984322859,"EUR",0.1365,1.17626e+11,17533044,81.22801391,0,0,0.01501414495,0.01501414495,0.00983143600164352,6.27221629941438,-0.169810420490881,2.57390909883301,1.21678972385633,0,-0.0181499279178097,10.8366294709239,-1.99143066435712,-4.1987625255553,-4.62217027190693,0,0,-4.1987625255553,"Netherlands 2021",1.8535742,1.8243489,94.6294783220315,55.6,2400.9590295858,7.7836235321797,0.820883416495267,2.77774043048152,10.6766809786049,0,0.0649751165785,7.7072,0.1834425,5.4098,0.159948492319087,-0.0469425,0,8.15845261451466,4.39726018656082,82.4667473715,1.87366628,0.11571352812438,1.79632955,90.0806753862638,0.220438604828723,1.27577827413161,90.0806753862638,0.848092058102555,-0.0499609716285,-0.0555746268920997,-0.151517919102025,-1.2387334615,-0.0272086416072885,-34.4806753862638,0.352479905854636,-7.80597270866002,-9.94026125964536,25200,-6.54499861350302,1.48002904618947,-2.15663772746565
"162",457,"Netherlands","2022",15.291,1866878.32,164989,3.36893203883495,824,0.16349680007778,1.12135922330097,0.843824773319955,2021,2013,1,0.99183742884684,56144.9076667046,"EUR",0.08785,1.12438e+11,17700982,81.22801391,0,0,0.00708601052,0.00708601052,0.00932089530400065,5.12551373196236,-0.169810420490881,2.72726442002601,1.21459579171722,0,-0.00819606733826776,10.9356912644547,-2.43212446434903,-4.9496327879224,-4.67549659223735,0,0,-4.9496327879224,"Netherlands 2022",1.7650127,1.7233662,94.9856177734136,56.4,2265.62902912621,7.72560771641441,0.709534368393401,2.77774043048152,10.6766809786049,0,0.0649751165785,7.7072,0.1834425,7.5838,0.259010285849797,-0.0955925,0,8.15845261451466,4.39726018656082,82.4667473715,1.87366628,0.105467500051692,1.79632955,90.0806753862638,0.220438604828723,1.27577827413161,90.0806753862638,0.848092058102555,-0.0578891060585,-0.0569418047509432,-0.15441905083064,-1.2387334615,-0.138557689709154,-33.6806753862639,0.294464090089342,-7.86398852442532,-9.9749601463216,NA,-6.54499861350302,1.45683311318186,-2.2493524299072
"163",483,"Netherlands","2023",17.588,1866878.32,164989,3.36893203883495,824,0.16349680007778,1.12135922330097,0.843824773319955,2021,2013,2,0.996315760100564,58741.7423066594,"EUR",0.3031,1.10643e+11,17877117,81.22801391,0,0,0,0,0.00922906081556663,9.98821487212613,-0.169810420490881,2.86721685131856,1.21459579171722,0.693147180559945,-0.00369104342694644,10.980905865645,-1.19369249491838,0,-4.68539798910435,0,0,0,"Netherlands 2023",1.7511282,1.7180996,95.3221682092129,54.5,2265.62902912621,7.72560771641441,0.698680281818166,2.77774043048152,10.6766809786049,0,0.0649751165785,7.7072,0.1834425,9.8808,0.304224887040167,0.1196575,0,8.15845261451466,4.39726018656082,82.4667473715,1.87366628,0.104428377349659,1.79632955,90.0806753862638,0.220438604828723,1.27577827413161,90.0806753862638,0.848092058102555,-0.0649751165785,-0.0569418047509432,-0.15441905083064,-1.2387334615,-0.149411776284389,-35.5806753862638,0.294464090089342,-7.86398852442532,-9.98486154318861,NA,-6.54499861350302,1.45287412583666,-2.2592538267742
"164",509,"Netherlands","2024",20.18,1866878.32,164989,3.36893203883495,824,0.16349680007778,1.12135922330097,0.843824773319955,2021,2013,3,0.998341198919826,62381.4119388212,"EUR",0.23345,NA,17993485,81.22801391,0,0,0,0,0.00916937435966407,NA,-0.169810420490881,3.00469201492546,1.21459579171722,1.09861228866811,-0.00166017841404561,11.041022624385,-1.45478735756519,0,-4.69188622190456,0,0,0,"Netherlands 2024",1.7519974,1.7218271,95.6396517079336,55.1,2265.62902912621,7.72560771641441,0.701483301432134,2.77774043048152,10.6766809786049,0,0.0649751165785,7.7072,0.1834425,12.4728,0.364341645780126,0.0500075,0,8.15845261451466,4.39726018656082,82.4667473715,1.87366628,0.103753015049614,1.79632955,90.0806753862638,0.220438604828723,1.27577827413161,90.0806753862638,0.848092058102555,-0.0649751165785,-0.0569418047509432,-0.15441905083064,-1.2387334615,-0.146608756670421,-34.9806753862638,0.294464090089342,-7.86398852442532,-9.99134977598882,NA,-6.54499861350302,1.45027986243183,-2.26574205957441
"165",69,"Poland","2007",6.903,17597.78,15103,1,5,0.0933333333333333,1,0.510963169961332,2024,NA,0,0,31201.797665092,"EUR",0.138,1.39584e+11,38120560,64.64161383,0,0,0,0,0.000396190402239631,0.835018532130937,-0.671457765815584,1.93195609972134,0,0,0,10.3482309896087,-1.98050159382493,0,-7.83361564852724,0,0,0,"Poland 2007",0.2285767,0.7734317,61.2756005207604,30,3519.556,8.16609012427265,-1.17327088378284,0.767833009557053,10.8564032223978,0,0.0541550049194444,12.4619444444444,0.148930555555556,-5.55894444444445,-0.508172232789187,-0.0109305555555556,0,7.82336959800255,4.16885838033064,62.9618326138889,0.615736433333333,0.000461634876297725,0.789335155555556,60.3708944074142,0.142292575248101,1.06695981406508,60.3708944074142,-0.998255674544503,-0.0541550049194444,-0.0489592419147672,-0.0669598140650773,1.67978121611111,-0.175015209238339,-30.3708944074142,0.73494649794758,-7.08842310005497,-15.8468264146595,3600,-9.26757520264938,-0.66102105788477,-7.68073629038683
"166",95,"Poland","2008",7.686,17617.78,15103,1,6,0.0933333333333333,1,0.515448576388613,2024,NA,0,0,33846.3819172754,"EUR",0.1277,1.42047e+11,38125759,68.08235596,0,0,0,0,0.000396136375934181,0.616091240379189,-0.662717735324219,2.03940049214265,0,0,0,10.4295873868752,-2.05807151594364,0,-7.83375202232406,0,0,0,"Poland 2008",0.4094615,0.7867103,61.1258760375274,32.1,2936.29666666667,7.98490442913475,-0.97263004575611,0.788265161399544,10.8564032223978,0,0.0541550049194444,12.4619444444444,0.148930555555556,-4.77594444444444,-0.426815835522678,-0.0212305555555556,0,7.82336959800255,4.22071808942429,62.9618326138889,0.615736433333333,0.000462096505409899,0.789335155555556,60.3708944074142,0.142292575248101,1.06695981406508,60.3708944074142,-0.998255674544503,-0.0541550049194444,-0.0489592419147672,-0.0669598140650773,5.12052334611111,0.0256256287883931,-28.2708944074142,0.553760802809683,-7.26960879519287,-15.6646412316624,3600,-9.2677115764462,-0.630723445496687,-7.6797368025276
"167",121,"Poland","2009",8.676,17617.78,15103,1,6,0.0933333333333333,1,0.519933982815894,2024,NA,0,0,36057.3053771817,"EUR",0.1211,1.36996e+11,38151603,67.8216285,0,0,0,0,0.000395868032071942,0.658992923154331,-0.654053431589556,2.16056059296463,0,0,0,10.4928647678748,-2.11113862842309,0,-7.83442965459428,0,0,0,"Poland 2009",0.4671032,0.8694733,60.9800753477,35.5,2936.29666666667,7.98490442913475,-0.896618380829668,0.808697313242034,10.8564032223978,0,0.0541550049194444,12.4619444444444,0.148930555555556,-3.78594444444444,-0.363538454523017,-0.0278305555555556,0,7.82336959800255,4.21688114850004,62.9618326138889,0.615736433333333,0.000461783479975927,0.789335155555556,60.3708944074142,0.142292575248101,1.06695981406508,60.3708944074142,-0.998255674544503,-0.0541550049194444,-0.0489592419147672,-0.0669598140650773,4.85979588611112,0.101637293714835,-24.8708944074142,0.553760802809683,-7.26960879519287,-15.6653188639326,3600,-9.26838920871642,-0.631024024706469,-7.68041443479781
"168",147,"Poland","2010",9.281,17617.78,15103,1,6,0.0933333333333333,1,0.524419389243175,2024,NA,0,0,37895.4815989593,"EUR",0.13615,1.44452e+11,38042794,67.8603571,0,0,0,0,0.000397000283417669,0.325457755385704,-0.645463553628189,2.22796929961326,0,0,0,10.5425871649385,-1.99399805986237,0,-7.83157356337893,0,0,0,"Poland 2010",0.5474147,0.9204541,60.8474783987677,37.1,2936.29666666667,7.98490442913475,-0.819956736880077,0.829129465084525,10.8564032223978,0,0.0541550049194444,12.4619444444444,0.148930555555556,-3.18094444444444,-0.313816057459288,-0.0127805555555556,0,7.82336959800255,4.21745202164698,62.9618326138889,0.615736433333333,0.000463104260954124,0.789335155555556,60.3708944074142,0.142292575248101,1.06695981406508,60.3708944074142,-0.998255674544503,-0.0541550049194444,-0.0489592419147672,-0.0669598140650773,4.89852448611111,0.178298937664427,-23.2708944074142,0.553760802809683,-7.26960879519287,-15.6624627727172,3600,-9.26553311750107,-0.629757140471002,-7.67755834358247
"169",173,"Poland","2011",10.337,17617.78,15103,1,6,0.0933333333333333,1,0.528904795670455,2024,NA,0,0,41087.7892602721,"EUR",0.1411,1.47668e+11,38063255,68.18983934,0,0,0,0,0.000396786874900741,0.235956958284834,-0.63694683369766,2.33572969158635,0,0,0,10.6234662580517,-1.95828642012337,0,-7.83211126046771,0,0,0,"Poland 2011",0.5785731,0.8434692,60.7357090652544,39,2936.29666666667,7.98490442913475,-0.842114903033074,0.849561616927015,10.8564032223978,0,0.0541550049194444,12.4619444444444,0.148930555555556,-2.12494444444444,-0.232936964346168,-0.00783055555555556,0,7.82336959800255,4.22229557046585,62.9618326138889,0.615736433333333,0.000462855318075136,0.789335155555556,60.3708944074142,0.142292575248101,1.06695981406508,60.3708944074142,-0.998255674544503,-0.0541550049194444,-0.0489592419147672,-0.0669598140650773,5.22800672611112,0.15614077151143,-21.3708944074142,0.553760802809683,-7.26960879519287,-15.663000469806,3600,-9.26607081458985,-0.629995648247495,-7.67809604067125
"170",199,"Poland","2012",10.955,17617.78,15009,1,6,0.0933333333333333,1,0.533390202097736,2024,NA,0,0,42619.7359736043,"EUR",0.14735,1.48415e+11,38063164,68.06569312,0,0,0,0,0.000394318244274175,0.185410262390181,-0.628502036173579,2.39379597304743,0,0,0,10.6600727107391,-1.91494456979843,0,-7.8383522481177,0,0,0,"Poland 2012",0.600245,0.8536768,60.6341632788866,40.8,2936.29666666667,7.98490442913475,-0.82731624941803,0.746887997800476,10.8564032223978,0,0.0541550049194444,12.4619444444444,0.148930555555556,-1.50694444444444,-0.196330511658738,-0.00158055555555556,0,7.82336959800255,4.22047331411982,62.9618326138889,0.615736433333333,0.000462856424652454,0.789335155555556,60.3708944074142,0.142292575248101,1.06695981406508,60.3708944074142,-0.998255674544503,-0.0541550049194444,-0.0489592419147672,-0.0669598140650773,5.10386050611112,0.170939425126473,-19.5708944074142,0.553760802809683,-7.26960879519287,-15.662998079046,3600,-9.26606842382982,-0.630669931386471,-7.67809364991121
"171",225,"Poland","2013",11.452,17617.78,15009,1,6,0.0933333333333333,1,0.537875608525017,2024,NA,0,0,43053.6162326819,"EUR",0.14585,1.49812e+11,38040196,66.36721364,0,0,0,0,0.000394556326681387,0.200565365864426,-0.62012795647376,2.43816438723587,0,0,0,10.6702015070872,-1.92517658266841,0,-7.83774864794296,0,0,0,"Poland 2013",0.654327,0.902271,60.5333187465323,41.8,2936.29666666667,7.98490442913475,-0.813800819749941,0.767320149642967,10.8564032223978,0,0.0541550049194444,12.4619444444444,0.148930555555556,-1.00994444444444,-0.186201715310668,-0.00308055555555556,0,7.82336959800255,4.19520316405567,62.9618326138889,0.615736433333333,0.000463135889205198,0.789335155555556,60.3708944074142,0.142292575248101,1.06695981406508,60.3708944074142,-0.998255674544503,-0.0541550049194444,-0.0489592419147672,-0.0669598140650773,3.40538102611112,0.184454854794563,-18.5708944074142,0.553760802809683,-7.26960879519287,-15.6623944788712,3600,-9.26546482365507,-0.630402190796884,-7.67749004973647
"172",251,"Poland","2014",11.605,17617.78,15009,1,6,0.0933333333333333,1,0.542361014952298,2024,NA,0,0,44990.9744977439,"EUR",0.14145,1.50975e+11,38011735,66.2700549,0,0,0,0,0.000394851747756318,0.134407721418079,-0.611823420027035,2.4514360397264,0,0,0,10.7142171819195,-1.95580898123456,0,-7.83700018565004,0,0,0,"Poland 2014",0.9088197,0.8657653,60.4340063344328,42.6,2936.29666666667,7.98490442913475,-0.700648010175439,0.787752301485457,10.8564032223978,0,0.0541550049194444,12.4619444444444,0.148930555555556,-0.856944444444444,-0.142186040478377,-0.00748055555555557,0,7.82336959800255,4.19373813452895,62.9618326138889,0.615736433333333,0.000463482658710527,0.789335155555556,60.3708944074142,0.142292575248101,1.06695981406508,60.3708944074142,-0.998255674544503,-0.0541550049194444,-0.0489592419147672,-0.0669598140650773,3.30822228611112,0.297607664369065,-17.7708944074142,0.553760802809683,-7.26960879519287,-15.6616460165783,3600,-9.26471636136215,-0.630070193319126,-7.67674158744355
"173",277,"Poland","2015",11.881,17617.78,15009,1,6,0.0933333333333333,1,0.546846421379579,2024,NA,0,0,47637.1393012849,"EUR",0.1431,1.54076e+11,37986412,64.64783815,0,0.14997185675,0,0.14997185675,0.000395114969005233,0.116138299898706,-0.603587281284527,2.47494048547615,0,0,0,10.7713679734145,-1.94421159241973,-1.89730762415569,-7.83633377464038,0,-1.89730762415569,0,"Poland 2015",0.8717909,0.8123641,60.3362886805635,43.2,2936.29666666667,7.98490442913475,-0.798423655552907,0.808184453327948,10.8564032223978,0,0.0541550049194444,12.4619444444444,0.148930555555556,-0.580944444444444,-0.0850352489833579,-0.00583055555555556,0,7.82336959800255,4.16895466537028,62.9618326138889,0.615736433333333,0.000463791631597109,0.789335155555556,60.3708944074142,0.142292575248101,1.06695981406508,60.3708944074142,-0.998255674544503,0.0958168518305555,-0.0489592419147672,-0.0669598140650773,1.68600553611111,0.199832018991596,-17.1708944074142,0.553760802809683,-7.26960879519287,-15.6609796055686,3600,-9.26404995035249,-0.62977459155475,-7.67607517643389
"174",303,"Poland","2016",11.396,18953.78,15098,1,8,0.0933333333333333,1,0.55133182780686,2024,NA,0,0,49142.8950373488,"EUR",0.1342,1.59139e+11,37970087,61.16170953,0,0.1438162213,0,0.1438162213,0.000397628796584006,0.12721508726333,-0.595418422771318,2.43326241663566,0,0,0,10.8024875584088,-2.00842405444456,-1.93921903546744,-7.82999165978838,0,-1.93921903546744,0,"Poland 2016",0.7500075,0.811158,60.2402284228997,43.5,2369.2225,7.7703171212343,-0.960565713260892,0.828616605170438,10.8564032223978,0,0.0541550049194444,12.4619444444444,0.148930555555556,-1.06594444444444,-0.0539156639890681,-0.0147305555555556,0,7.82336959800255,4.11352133243608,62.9618326138889,0.615736433333333,0.000499176628170486,0.789335155555556,60.3708944074142,0.142292575248101,1.06695981406508,60.3708944074142,-0.998255674544503,0.0896612163805555,-0.0489592419147672,-0.0669598140650773,-1.80012308388888,0.0376899612836108,-16.8708944074142,0.339173494909232,-7.48419610309332,-15.3728676818081,3600,-9.26362009904375,-0.572062466884595,-7.60255056057382
"175",329,"Poland","2017",11.059,65077.78,15781,1.12,25,0.143428571428571,1.16,0.589161791655696,2024,NA,0,0,52583.1507430738,"EUR",0.14485,1.62756e+11,37974826,59.49162159,0,0.14740384045,0,0.14740384045,0.000415564774411343,0.451266184082835,-0.529054444331242,2.40324457609322,0.113328685307003,0,0,10.8701510193314,-1.93205655476678,-1.91457924495302,-7.78587206072566,0,-1.91457924495302,0,"Poland 2017",0.6233831,0.7219296,60.145888199417,43.6,2603.1112,7.86446262402063,-1.13083857508365,0.938035535104451,10.8564032223978,0,0.0541550049194444,12.4619444444444,0.148930555555556,-1.40294444444445,0.0137477969335222,-0.00408055555555556,0,7.82336959800255,4.08583548902297,62.9618326138889,0.615736433333333,0.00171370844464172,0.789335155555556,60.3708944074142,0.142292575248101,1.06695981406508,60.3708944074142,-0.998255674544503,0.0932488355305555,0.00113599618047083,0.0930401859349226,-3.47021102388889,-0.132582900539145,-16.7708944074142,0.433318997695561,-7.39005060030699,-14.2335581996056,14400,-7.8774505389097,-0.162509087025998,-6.36909557558497
"176",355,"Poland","2018",14.936,165434.1,72145,1.11666666666667,60,0.251702703964881,1.2,0.702376313871519,2024,NA,0,0,56553.025365539,"EUR",0.1403,1.66839e+11,37974750,59.63536184,0,0.14100702505,0.0240760872,0.16508311225,0.00189981500865707,0.987080982758426,-0.353285958938933,2.70377440623942,0.110348057168865,0,0,10.9429339790618,-1.96397229187372,-1.8013062212951,-6.26599876141461,0,-1.95894556679545,-3.72653616343908,"Poland 2018",0.6921258,0.7623048,60.0533306480907,43.5,2757.235,7.92198364496836,-1.06424310526783,1.70891704234811,10.8564032223978,0,0.0541550049194444,12.4619444444444,0.148930555555556,2.47405555555556,0.0865307566639331,-0.00863055555555556,0,7.82336959800255,4.08824871758999,62.9618326138889,0.615736433333333,0.00435642367625857,0.789335155555556,60.3708944074142,0.142292575248101,1.06695981406508,60.3708944074142,-0.998255674544503,0.110928107330556,0.109410128716781,0.133040185934923,-3.32647077388889,-0.065987430723329,-16.8708944074142,0.490840018643292,-7.33252957935926,-13.3580874609239,36000,-6.96115780570772,0.304560480587987,-5.43610381595551
"177",381,"Poland","2019",15.377,165434.1,72145,1.11666666666667,36,0.239184685315774,1.18333333333333,0.702376313871519,2024,NA,0,0,60948.2431077183,"EUR",0.13595,1.6566e+11,37965475,58.76369115,0,0,0.0238736854,0.0238736854,0.00190027913518796,0.994793017258034,-0.353285958938933,2.73287288653356,0.110348057168865,0,0,11.017780309354,-1.99546810790366,-3.7349784559114,-6.26575449034362,0,0,-3.7349784559114,"Poland 2019",0.6631417,0.8277446,59.9626184068963,44.6,4595.39166666667,8.43280926873435,-1.06289971122487,1.88670041099489,10.8564032223978,0,0.0541550049194444,12.4619444444444,0.148930555555556,2.91505555555556,0.161377086956152,-0.0129805555555556,0,7.82336959800255,4.07352416672553,62.9618326138889,0.615736433333333,0.00435748795451657,0.789335155555556,60.3708944074142,0.142292575248101,1.06695981406508,60.3708944074142,-0.998255674544503,-0.0302813195194444,0.0968921100676733,0.116373519268256,-4.19814146388889,-0.0646440366803642,-15.7708944074142,1.00166564240928,-6.82170395559327,-13.8686688136189,NA,-7.64822464942187,0.189955687597472,-5.43585954488452
"178",407,"Poland","2020",16.102,74664,15542,1.08333333333333,12,0.226666666666667,1.16666666666667,0.755617544162148,2024,NA,0,0,62984.456554085,"EUR",0.14925,1.61314e+11,37515748,58.77055744,0,0.0307896858,0.0230922644,0.0538819502,0.000414279358097831,0.123051714334002,-0.280219924775543,2.77894348787779,0.0800427076735364,0,0,11.0506432535692,-1.90213252670943,-2.9209597328463,-7.7889700336852,0,-3.48057552170968,-3.76825759199624,"Poland 2020",0.6765763,0.6854992,59.8738141138092,43.7,6222,8.73584667745758,-1.14429435296466,2.06448377964168,10.8564032223978,0,0.0541550049194444,12.4619444444444,0.148930555555556,3.64005555555556,0.194240031171383,0.000319444444444428,0,7.82336959800255,4.07364100569103,62.9618326138889,0.615736433333333,0.00199020422037167,0.789335155555556,60.3708944074142,0.142292575248101,1.06695981406508,60.3708944074142,-0.998255674544503,-0.000273054719444443,0.0843740914185661,0.0997068526015896,-4.19127517388889,-0.146038678420159,-16.6708944074142,1.30470305113252,-6.51866654687004,-14.9553646996664,9000,-8.33529149313603,-0.283647892504789,-6.2195180222088
"179",433,"Poland","2021",15.604,181889.01,158101,1.14102564102564,78,0.228353459335391,1.17948717948718,0.702415594905315,2024,NA,0,0,71968.7885521538,"EUR",0.1561,1.71269e+11,36981559,58.38586274,0,0.0299659684,0.027600234,0.0575662024,0.00427513074827375,0.386198510374426,-0.353230034593753,2.74752729164441,0.131927543042548,0,0,11.183987811682,-1.85725845146075,-2.85481964738248,-5.45494059266959,0,-3.50769292789021,-3.5899310280341,"Poland 2021",0.5887761,0.6736094,59.8096513205543,41.8,2331.91038461538,7.75444311817941,-1.21003751564842,1.70513949430581,10.8564032223978,0,0.0541550049194444,12.4619444444444,0.148930555555556,3.14205555555555,0.327584589284193,0.00716944444444442,0,7.82336959800255,4.0670737841591,62.9618326138889,0.615736433333333,0.00491837053164795,0.789335155555556,60.3708944074142,0.142292575248101,1.06695981406508,60.3708944074142,-0.998255674544503,0.00341119748055556,0.0860608840872908,0.112527365422103,-4.57596987388889,-0.211781841103918,-18.5708944074142,0.323299491854342,-7.50007010614821,-13.0692211142682,54000,-6.52919061541142,0.474335639746647,-5.31477799608883
"180",459,"Poland","2022",16.644,16474.91,85959,1.21052631578947,19,0.179532311473731,1.10526315789474,0.702415594905315,2024,NA,0,0,84212.4582403731,"EUR",0.1534,1.67643e+11,36821749,58.38586274,0,0.0353385046,0.0322655912,0.0676040958,0.00233446271115476,0.0303369648133364,-0.353230034593753,2.8120497911207,0.191055236762709,0,0,11.3410981493848,-1.87470639004898,-2.69408670901125,-6.05997351662805,0,-3.34278212764349,-3.4337539045017,"Poland 2022",0.515427,0.6870197,59.8315488048321,41.7,867.100526315789,6.76515491736689,-1.24160823126672,1.70513949430581,10.8564032223978,0,0.0541550049194444,12.4619444444444,0.148930555555556,4.18205555555555,0.484694926987002,0.00446944444444444,0,7.82336959800255,4.0670737841591,62.9618326138889,0.615736433333333,0.000447423342112293,0.789335155555556,60.3708944074142,0.142292575248101,1.06695981406508,60.3708944074142,-0.998255674544503,0.0134490908805556,0.0372397362256303,0.0383033438296596,-4.57596987388889,-0.243352556722215,-18.6708944074142,-0.665988708958178,-8.48935830696073,-14.4771602548326,NA,-6.52919061541142,-0.126365200821835,-7.71200533746568
"181",485,"Poland","2023",16.651,16474.91,85959,1.21052631578947,19,0.179532311473731,1.10526315789474,0.702415594905315,2024,NA,0,0,93091.3167815623,"EUR",0.19655,1.60759e+11,36687353,58.38586274,0,0.0406431938,0.0372966254,0.0779398192,0.00234301449875656,0.0606657487168645,-0.353230034593753,2.81247027468298,0.191055236762709,0,0,11.4413361912631,-1.62683842711427,-2.55181829880739,-6.0563169313593,0,-3.20292389120133,-3.28885242827506,"Poland 2023",0.6341038,0.7253164,59.8859561370214,46.3,867.100526315789,6.76515491736689,-1.15303299153375,1.70513949430581,10.8564032223978,0,0.0541550049194444,12.4619444444444,0.148930555555556,4.18905555555556,0.584932968865234,0.0476194444444444,0,7.82336959800255,4.0670737841591,62.9618326138889,0.615736433333333,0.000449062378525919,0.789335155555556,60.3708944074142,0.142292575248101,1.06695981406508,60.3708944074142,-0.998255674544503,0.0237848142805556,0.0372397362256303,0.0383033438296596,-4.57596987388889,-0.154777316989243,-14.0708944074142,-0.665988708958178,-8.48935830696073,-14.4735036695638,NA,-6.52919061541142,-0.12490314703285,-7.70834875219692
"182",511,"Poland","2024",17.77,16474.91,85959,1.21052631578947,19,0.179532311473731,1.10526315789474,0.702415594905315,2024,NA,0,0,99931.8557913947,"EUR",0.22835,NA,36559233,58.38586274,0,0.048306983,0.0393423218,0.0876493048,0.00235122547565481,NA,-0.353230034593753,2.87751164216656,0.191055236762709,0,0,11.512243790597,-1.47687573935113,-2.43441159919227,-6.05281860774694,0,-3.03017915320429,-3.23545444895239,"Poland 2024",0.6734027,0.6858353,59.9705468695101,45.7,867.100526315789,6.76515491736689,-1.15630226037218,1.70513949430581,10.8564032223978,0,0.0541550049194444,12.4619444444444,0.148930555555556,5.30805555555555,0.655840568199142,0.0794194444444444,0,7.82336959800255,4.0670737841591,62.9618326138889,0.615736433333333,0.000450636095128144,0.789335155555556,60.3708944074142,0.142292575248101,1.06695981406508,60.3708944074142,-0.998255674544503,0.0334942998805556,0.0372397362256303,0.0383033438296596,-4.57596987388889,-0.15804658582768,-14.6708944074142,-0.665988708958178,-8.48935830696073,-14.4700053459515,NA,-6.52919061541142,-0.123504372789505,-7.70485042858457
"183",304,"Portugal","2016",30.864,1813,15,25,1,0.14,1,0.542870426439187,2023,2020,0,0,18050.6140554428,"EUR",0.2324,5.0343e+10,10325452,72.00210331,0,0,0,0,1.45272090752056e-06,0.0384660969155121,-0.610884612865956,3.42959045616337,3.2188758248682,0,0,9.80093498287449,-1.45929525400438,0,-13.4420722719907,0,0,0,"Portugal 2016",1.0935326,0.8398464,61.1343011242723,34.9,1813,7.50273821075485,-0.459943013235283,0.702890109792186,9.97092400070048,0,0,32.9347777777778,0.224372222222222,-2.07077777777777,-0.169989017825991,0.00802777777777777,0,6.90346061203737,4.27669533122826,69.5637502788889,1.06658432222222,0.000175585533688985,0.842446433333333,61.151174574924,0.14,1,61.151174574924,-0.53948215044365,0,0,0,2.43835303111111,0.079539137208367,-26.251174574924,0.0715945844297847,-6.83186602760759,-16.1501224730929,1800,-8.65458052920863,-1.41288888806886,-8.64738426233803
"184",330,"Portugal","2017",30.611,1813,15,25,1,0.14,1,0.547355832866468,2023,2020,0,0,18980.9166723299,"EUR",0.2257,5.1647e+10,10300300,74.34275208,0,0,0,0,1.45626826403114e-06,0.0396177469042064,-0.602656170931363,3.4213594214861,3.2188758248682,0,0,9.85118936774846,-1.48854859515865,0,-13.4396333778871,0,0,0,"Portugal 2017",1.2300446,0.924473,61.1296726507436,34.2,1813,7.50273821075485,-0.268876574020137,0.723322261634677,9.97092400070048,0,0,32.9347777777778,0.224372222222222,-2.32377777777777,-0.119734632952028,0.00132777777777779,0,6.90346061203737,4.30868618436144,69.5637502788889,1.06658432222222,0.000176014290845898,0.842446433333333,61.151174574924,0.14,1,61.151174574924,-0.53948215044365,0,0,0,4.77900180111111,0.270605576423513,-26.951174574924,0.0715945844297847,-6.83186602760759,-16.1476835789893,1800,-8.65214163510504,-1.41180706110367,-8.64494536823445
"185",356,"Portugal","2018",30.203,5551.2,60,19.25,4,0.14,1,0.551841239293749,2023,2020,0,0,19933.9939956176,"EUR",0.22695,5.1919e+10,10283822,73.1226341,0,0,0,0,5.83440670209967e-06,0.106435348193418,-0.594494884047815,3.4079412571955,2.95751106073379,0,0,9.90018179431423,-1.48302555007966,0,-12.0517379765557,0,0,0,"Portugal 2018",1.0601732,0.9348161,61.1233069673808,35.2,1387.8,7.23547503846545,-0.388206581686197,0.743754413477167,9.97092400070048,0,0,32.9347777777778,0.224372222222222,-2.73177777777778,-0.0707422063862513,0.00257777777777779,0,6.90346061203737,4.29213795084058,69.5637502788889,1.06658432222222,0.000539799308078261,0.842446433333333,61.151174574924,0.14,1,61.151174574924,-0.53948215044365,0,0,0,3.55888382111111,0.151275568757453,-25.951174574924,-0.195668587859617,-7.09912919989699,-14.7597881776579,1800,-8.65054059489357,-0.890460355662589,-7.52431313919249
"186",382,"Portugal","2019",30.623,1813,15,25,1,0.14,1,0.55632664572103,2023,2020,0,0,20852.0718360011,"EUR",0.21655,5.1606e+10,10286263,72.24255078,0,0,0,0,1.45825553945101e-06,0.0349963666674604,-0.586399664933587,3.42175136060991,3.2188758248682,0,0,9.94520859092336,-1.5299338113215,0,-13.4382696726221,0,0,0,"Portugal 2019",1.0136875,0.9999205,61.114927250613,38,1813,7.50273821075485,-0.396834957862352,0.764186565319658,9.97092400070048,0,0,32.9347777777778,0.224372222222222,-2.31177777777777,-0.0257154097771259,-0.00782222222222223,0,6.90346061203737,4.28002921828602,69.5637502788889,1.06658432222222,0.000176254486201646,0.842446433333333,61.151174574924,0.14,1,61.151174574924,-0.53948215044365,0,0,0,2.67880050111111,0.142647192581299,-23.151174574924,0.0715945844297847,-6.83186602760759,-16.1463198737243,1800,-8.65077792984007,-1.4112021586087,-8.64358166296947
"187",408,"Portugal","2020",33.982,12803.2,120,22.125,8,0.14,1,0.600051525940391,2023,2020,0,0.0831726964939224,19523.2712066653,"EUR",0.21265,5.0033e+10,10297081,68.3712542,0,0,0,0,1.16537880978114e-05,0.0680315649967792,-0.510739750885854,3.52583097266357,3.09670819089399,0,-2.48683615215395,9.87936242823541,-1.54810765728249,0,-11.3598792721947,0,0,0,"Portugal 2020",1.0987347,0.8031995,61.1042566768691,41.7,1600.4,7.37800887698308,-0.579014190146165,1.07659759046836,9.97092400070048,0,0,32.9347777777778,0.224372222222222,1.04722222222222,-0.0915615724650749,-0.0117222222222222,0,6.90346061203737,4.2249524760605,69.5637502788889,1.06658432222222,0.00124338149811583,0.842446433333333,61.151174574924,0.14,1,61.151174574924,-0.53948215044365,0,0,0,-1.19249607888889,-0.0395320397025151,-19.451174574924,-0.0531347493419858,-6.95659536137936,-14.067929473297,1800,-8.65182907109254,-0.59593120088636,-6.68992059631388
"188",434,"Portugal","2021",33.982,9233.15,120,16.25,8,0.14,1,0.545165683101592,2023,2020,0,0.167981614866075,20893.38698923,"EUR",0.21295,5.079e+10,10361831,66.49811451,0,0,0,0,1.15809647928054e-05,0.0661080847834813,-0.606665524828266,3.52583097266357,2.78809290877575,0,-1.78390074088834,9.9471879758855,-1.54669788261291,0,-11.3661477738491,0,0,0,"Portugal 2021",1.1677599,0.7505542,61.0951249296597,45.9,1154.14375,7.05111400603469,-0.625393783978741,0.68973455323512,9.97092400070048,0,0,32.9347777777778,0.224372222222222,1.04722222222222,-0.0237360248149834,-0.0114222222222222,0,6.90346061203737,4.19717359402676,69.5637502788889,1.06658432222222,0.00089107320897243,0.842446433333333,61.151174574924,0.14,1,61.151174574924,-0.53948215044365,0,0,0,-3.0656357688889,-0.0859116335350912,-15.251174574924,-0.380029620290375,-7.28349023232775,-14.0741979749513,7200,-7.27180321162698,-0.579258752830001,-7.0230839689166
"189",460,"Portugal","2022",34.675,7420.15,105,15,7,0.14,1,0.545165683101592,2023,2020,0,0.310025518872388,23380.2303779485,"EUR",0.22105,5.3061e+10,10434332,66.49811451,0,0,0,0,1.0062934551057e-05,0.0431689768209641,-0.606665524828266,3.54601896620089,2.70805020110221,0,-1.17110066594778,10.0596460886109,-1.50936635870988,0,-11.5066517309538,0,0,0,"Portugal 2022",1.0219923,0.8086012,61.1259255772782,42.9,1060.02142857143,6.9660444025352,-0.668512704429895,0.68973455323512,9.97092400070048,0,0,32.9347777777778,0.224372222222222,1.74022222222222,0.0887220879104174,-0.00332222222222223,0,6.90346061203737,4.19717359402676,69.5637502788889,1.06658432222222,0.000711128417228817,0.842446433333333,61.151174574924,0.14,1,61.151174574924,-0.53948215044365,0,0,0,-3.0656357688889,-0.129030553986245,-18.251174574924,-0.465099223789863,-7.36855983582724,-14.214701932056,NA,-7.27180321162698,-0.646152365228655,-7.24865752952084
"190",486,"Portugal","2023",35.154,7420.15,105,15,7,0.14,1,0.545165683101592,2023,2020,0,0.5,25557.588200005,"EUR",0.2185,5.4438e+10,10578174,66.49811451,0,0,0,0,9.92609877659415e-06,0.0806875131841045,-0.606665524828266,3.55973840979071,2.70805020110221,0,-0.693147180559945,10.1486895456672,-1.52096926444649,0,-11.5203430295495,0,0,0,"Portugal 2023",0.9658494,0.7804495,61.2048652633664,41.5,1060.02142857143,6.9660444025352,-0.716686643076258,0.68973455323512,9.97092400070048,0,0,32.9347777777778,0.224372222222222,2.21922222222223,0.177765544966697,-0.00587222222222222,0,6.90346061203737,4.19717359402676,69.5637502788889,1.06658432222222,0.000701458493687096,0.842446433333333,61.151174574924,0.14,1,61.151174574924,-0.53948215044365,0,0,0,-3.0656357688889,-0.177204492632608,-19.651174574924,-0.465099223789863,-7.36855983582724,-14.2283932306517,NA,-7.27180321162698,-0.651626711788812,-7.26234882811652
"191",512,"Portugal","2024",36.319,168.15,45,1.66666666666667,3,0.14,1,0.545165683101592,2023,2020,1,0.689974481127613,27062.7962629273,"EUR",0.2526,NA,10694681,66.49811451,0,0,0,0,4.20769913567314e-06,NA,-0.606665524828266,3.5923410203144,0.510825623765991,0,-0.371100665947778,10.2059152320448,-1.37594806906575,0,-12.3785945832615,0,0,0,"Portugal 2024",0.9474847,0.7401575,61.3281907341332,43.2,56.05,4.02624414951817,-0.751870905557822,0.68973455323512,9.97092400070048,0,0,32.9347777777778,0.224372222222222,3.38422222222223,0.234991231344347,0.0282277777777778,0,6.90346061203737,4.19717359402676,69.5637502788889,1.06658432222222,1.5722769103632e-05,0.842446433333333,61.151174574924,0.14,1,61.151174574924,-0.53948215044365,0,0,0,-3.0656357688889,-0.212388755114172,-17.951174574924,-3.4048994768069,-10.3083600888443,-15.0866447843637,NA,-7.27180321162698,-1.36505245848951,-11.0604006348456
"192",383,"Romania","2019",24.29,5465,15,1,1,0.14,1,0.616344249825914,2024,NA,0,0,54709.9606600326,"EUR",0.13895,54638999999.9999,19371648,42.61352246,0,0,0,0,7.74327512042341e-07,0.0996351952134353,-0.483949624425526,3.19006474301408,0,0,0,10.909801067994,-1.97364112279362,0,-14.0712709106825,0,0,0,"Romania 2019",-0.1453557,0.3572005,52.8931835224862,25.5,5465,8.60611940061064,-2.23771117138705,1.13265452782253,11.1371968942032,0,0,24.6673333333333,0.165358333333333,-0.377333333333333,-0.227395826209147,-0.0264083333333333,0,8.60611940061064,3.75217163154401,51.6911540283333,0.0460065,0.000282113323554093,0.349425066666667,52.372136303756,0.14,1,52.372136303756,-1.89082217765097,0,0,0,-9.07763156833333,-0.34688899373608,-26.872136303756,1.17497577428557,-7.43114362632507,-16.7793211117847,1800,-9.28377916790047,-1.5530158403914,-8.17320171117409
"193",409,"Romania","2020",24.478,5465,659,1,1,0.14,1,0.620829656253195,2024,NA,0,0,55210.8433578594,"EUR",0.1454,52525000000.0001,19265250,47.44760663,0,0,0,0,3.42066674452706e-05,0.0276612996440907,-0.476698540227718,3.19777475496015,0,0,0,10.9189146506162,-1.92826671388272,0,-10.2830899783568,0,0,0,"Romania 2020",-0.2499801,0.3027167,52.611947245178,24.9,5465,8.60611940061064,-2.19693919694525,1.415194853723,11.1371968942032,0,0,24.6673333333333,0.165358333333333,-0.18933333333333,-0.218282243586977,-0.0199583333333333,0,8.60611940061064,3.8596260839524,51.6911540283333,0.0460065,0.000283671377220643,0.349425066666667,52.372136303756,0.14,1,52.372136303756,-1.89082217765097,0,0,0,-4.24354739833333,-0.30611701929428,-27.472136303756,1.17497577428557,-7.43114362632507,-16.7738135128593,1800,-9.27827156897506,-1.14140263711817,-8.16769411224867
"194",435,"Romania","2021",23.871,5465,704,1,1,0.14,1,0.625315062680476,2024,NA,0,0,62023.4149471038,"EUR",0.1569,5.547e+10,19122059,55.02144877,0,0,0,0,3.68161190173088e-05,0.0358273674194836,-0.469499655972841,3.17266433306351,0,0,0,11.0352672531686,-1.85214661924315,0,-10.209574791916,0,0,0,"Romania 2021",-0.0777119,0.3145916,52.2321512130811,23.3,5465,8.60611940061064,-1.88917282145292,1.4402747862251,11.1371968942032,0,0,24.6673333333333,0.165358333333333,-0.796333333333333,-0.101929641034566,-0.00845833333333332,0,8.60611940061064,4.00772308684732,51.6911540283333,0.0460065,0.00028579558299658,0.349425066666667,52.372136303756,0.14,1,52.372136303756,-1.89082217765097,0,0,0,3.33029474166667,0.00164935619805062,-29.072136303756,1.17497577428557,-7.43114362632507,-16.7663531480741,1800,-9.27081120418982,-1.13094830033407,-8.16023374746344
"195",461,"Romania","2022",24.229,5465,704,1,1,0.14,1,0.625315062680476,2024,NA,0,0,72688.0150470625,"EUR",0.1735,51765000000.0001,19048502,55.02144877,0,0,0,0,3.69582867986154e-05,0.0325903068102484,-0.469499655972841,3.18755026282529,0,0,0,11.1939317950081,-1.75157767959522,0,-10.2057206651164,0,0,0,"Romania 2022",0.199031,0.3937269,52.1634832477272,24.7,5465,8.60611940061064,-1.68897916531507,1.4402747862251,11.1371968942032,0,0,24.6673333333333,0.165358333333333,-0.438333333333333,0.0567349008048641,0.00814166666666666,0,8.60611940061064,4.00772308684732,51.6911540283333,0.0460065,0.000286899200787547,0.349425066666667,52.372136303756,0.14,1,52.372136303756,-1.89082217765097,0,0,0,3.33029474166667,0.201843012335903,-27.672136303756,1.17497577428557,-7.43114362632507,-16.7624990212745,NA,-9.27081120418982,-1.12940726128358,-8.15637962066383
"196",487,"Romania","2023",25.758,5465,704,1,1,0.14,1,0.625315062680476,2024,NA,0,0,83455.4444028355,"EUR",0.1901,49277999999.9999,19061062,55.02144877,0,0,0,0,3.69339336916275e-05,0.0656497233320976,-0.469499655972841,3.24874525847048,0,0,0,11.3320681684578,-1.66020502948775,0,-10.2063798172628,0,0,0,"Romania 2023",0.1319311,0.34486,52.1645747011867,22.5,5465,8.60611940061064,-1.75606758555292,1.4402747862251,11.1371968942032,0,0,24.6673333333333,0.165358333333333,1.09066666666667,0.194871274254584,0.0247416666666667,0,8.60611940061064,4.00772308684732,51.6911540283333,0.0460065,0.000286710152876057,0.349425066666667,52.372136303756,0.14,1,52.372136303756,-1.89082217765097,0,0,0,3.33029474166667,0.134754592098052,-29.872136303756,1.17497577428557,-7.43114362632507,-16.7631581734209,NA,-9.27081120418982,-1.12967081753137,-8.15703877281025
"197",513,"Romania","2024",25.378,5465,704,1,1,0.14,1,0.625315062680476,2024,NA,0,0,92336.8359237792,"EUR",0.1873,NA,19051804,55.02144877,0,0,0,0,3.69518813021591e-05,NA,-0.469499655972841,3.23388265697472,0,0,0,11.4331984299744,-1.67504366953209,0,-10.2058939970581,0,0,0,"Romania 2024",0.4181246,0.3834547,52.1674778928768,23.2,5465,8.60611940061064,-1.57606312525262,1.4402747862251,11.1371968942032,0,0,24.6673333333333,0.165358333333333,0.710666666666668,0.296001535771243,0.0219416666666667,0,8.60611940061064,4.00772308684732,51.6911540283333,0.0460065,0.000286849476301562,0.349425066666667,52.372136303756,0.14,1,52.372136303756,-1.89082217765097,0,0,0,3.33029474166667,0.314759052398354,-29.172136303756,1.17497577428557,-7.43114362632507,-16.7626723532161,NA,-9.27081120418982,-1.12947656655159,-8.15655295260549
"198",344,"Spain","2018",17.023,22342.5854,68949,4.75,22,0.287346335861952,1.75,0.722196409086318,2021,2019,0,0,25913.2938940996,"EUR",0.243,2.59958e+11,46782011,76.26252587,0,0,0,0,0.00147383574425648,0.0855570042257414,-0.32545814233846,2.83456537083243,1.55814461804655,0,0,10.1625113937701,-1.41469383564159,0,-6.5198869267999,0,0,0,"Spain 2018",1.0702333,0.8836957,79.5580057813361,44.3,1015.57206363636,6.92320734220166,-0.329061311752912,2.4387393562371,10.2286003806697,0,0,21.2688571428571,0.25285,-4.24585714285714,-0.0660889868996097,-0.00985000000000003,0,6.35917187071713,4.33418167570099,81.9591959528571,1.09822932857143,0.000477589246858157,0.820015071428571,79.8673919903073,0.179120414395999,1.39659992784993,79.8673919903073,-0.198281525558914,0,0.108225921465953,0.353400072150072,-5.69667008285714,-0.130779786193998,-35.5673919903073,-0.507936284123402,-6.86710815484053,-14.5699668532946,5.596e+09,4.78430858709671,0.311479237380541,-7.64675951109296
"199",370,"Spain","2019",17.852,69,72,1,1,0.223747418364219,1,0.722196409086318,2021,2019,0,0.0831726964939224,26607.5951779536,"EUR",0.23985,2.55329e+11,47118501,83.30367054,0,0,0,0,1.52806219365934e-06,0.000269199530731502,-0.32545814233846,2.88211554676702,0,0,-2.48683615215395,10.1889519870188,-1.42774155103406,0,-13.3915101653916,0,0,0,"Spain 2019",1.118598,0.9446573,79.6349761108307,46.5,69,4.23410650459726,-0.0726297745302522,2.30517107964575,10.2286003806697,0,0,21.2688571428571,0.25285,-3.41685714285714,-0.0396483936509604,-0.013,0,6.35917187071713,4.42249261230764,81.9591959528571,1.09822932857143,1.4643929355902e-06,0.820015071428571,79.8673919903073,0.179120414395999,1.39659992784993,79.8673919903073,-0.198281525558914,0,0.0446270039682207,-0.396599927849928,1.34447458714286,0.125651751028662,-33.3673919903073,-3.19703712172781,-9.55620899244493,-17.6681762844077,NA,6.04103936942535,-1.61920904865044,-13.4340697798104
"200",396,"Spain","2020",21.22,43665.7454,1259406,2.125,95,0.160148500866487,1.15625,0.698307459891137,2021,2019,0,0.167981614866075,23843.4910019176,"EUR",0.22685,2.41021e+11,47359424,82.2884437,0,0,0,0,0.0265925109224301,0.0481653222447743,-0.359095786255609,3.05494413318584,0.75377180237638,0,-1.78390074088834,10.079266545103,-1.48346627287216,0,-3.62712564710506,0,0,0,"Spain 2020",1.0477979,0.8370928,79.6955674617799,47.4,459.639425263158,6.13044232398215,-0.20609989774766,2.1716028030544,10.2286003806697,0,0,21.2688571428571,0.25285,-0.0488571428571447,-0.149333835566761,-0.026,0,6.35917187071713,4.41023068105574,81.9591959528571,1.09822932857143,0.000922007526949652,0.820015071428571,79.8673919903073,0.179120414395999,1.39659992784993,79.8673919903073,-0.198281525558914,0,-0.0189719135295119,-0.240349927849928,0.329247747142858,-0.00781837218874562,-32.4673919903073,-1.30070130234291,-7.65987317306004,-13.1193994947034,6.995e+10,7.297770151754,1.05754781096659,-6.98895717072121
"201",422,"Spain","2021",20.552,53318.9308,1300023,2.07142857142857,97,0.160148500866487,1.14285714285714,0.719619191022205,2021,2019,0,0.310025518872388,26040.7777864266,"EUR",0.25695,2.48436e+11,47443821,82.96493289,0,0,0,0,0.0274013132289661,0.078045847491312,-0.329033108247745,3.02295825980758,0.728238500371216,0,-1.17110066594778,10.1674189647868,-1.3588737655439,0,-3.59716433867217,0,0,0,"Spain 2021",1.1202722,0.9211695,79.7846242983598,48.5,549.679698969072,6.30933574307508,-0.0956333595267328,2.41214797320344,10.2286003806697,0,0,21.2688571428571,0.25285,-0.716857142857144,-0.0611814158829009,0.00409999999999999,0,6.35917187071713,4.41841802321911,81.9591959528571,1.09822932857143,0.00112383298132754,0.820015071428571,79.8673919903073,0.179120414395999,1.39659992784993,79.8673919903073,-0.198281525558914,0,-0.0189719135295119,-0.253742784992785,1.00573693714286,0.102648166032181,-31.3673919903073,-1.12180788324999,-7.48097975396711,-13.1003458747517,1.399e+10,5.68655177236868,1.01841642064917,-6.79101013167666
"202",448,"Spain","2022",21.837,40612.8908,1241559,1.87012987012987,77,0.142452144812846,1.12987012987013,0.774303563115096,2021,2019,1,0.5,28792.1161680022,"EUR",0.32105,2.47521e+11,47786102,82.96493289,0,0,0,0,0.0259815918862769,0.0506508051718762,-0.255791281875785,3.08360577880423,0.626007877722317,0,-0.693147180559945,10.2678568844827,-1.13615840474208,0,-3.65036699608808,0,0,0,"Spain 2022",1.1419015,0.8379079,79.9548794567814,50.2,527.44014025974,6.2680353807305,-0.135888499344251,2.74219313182372,10.2286003806697,0,0,21.2688571428571,0.25285,0.568142857142856,0.0392565038129398,0.0682,0,6.35917187071713,4.41841802321911,81.9591959528571,1.09822932857143,0.000849889174890222,0.820015071428571,79.8673919903073,0.179120414395999,1.39659992784993,79.8673919903073,-0.198281525558914,0,-0.0366682695831526,-0.266729797979798,1.00573693714286,0.0623930262146625,-29.6673919903073,-1.16310824559457,-7.52228011631169,-13.338439980193,1.399e+09,3.37677813058303,0.837004743276017,-7.07040459946254
"203",474,"Spain","2023",24.981,28676.3054,1158713,1.70833333333333,72,0.14,1.09722222222222,0.774303563115096,2021,2019,2,0.689974481127613,30975.8571464971,"EUR",0.24005,2.4746e+11,48352528,82.96493289,0,0,0,0,0.0239638556230193,0.0685984014498585,-0.255791281875785,3.21811553592179,0.535518236356362,0.693147180559945,-0.371100665947778,10.3409633783178,-1.42690804400519,0,-3.73120859952325,0,0,0,"Spain 2023",1.0779914,0.6947444,80.128491001856,52,398.282019444444,5.98716034592092,-0.260172252499917,2.74219313182372,10.2286003806697,0,0,21.2688571428571,0.25285,3.71214285714286,0.11236299764804,-0.0128,0,6.35917187071713,4.41841802321911,81.9591959528571,1.09822932857143,0.000593067344896631,0.820015071428571,79.8673919903073,0.179120414395999,1.39659992784993,79.8673919903073,-0.198281525558914,0,-0.0391204143959987,-0.299377705627706,1.00573693714286,-0.0618907269410027,-27.8673919903073,-1.44398328040415,-7.80315515112127,-13.4173629448995,NA,3.37677813058303,0.769864955657703,-7.43020259897859
"204",500,"Spain","2024",25.417,11557.1854,66,10.5,2,0.14,2.5,0.774303563115096,2021,2019,3,0.832018385133924,32638.0319368894,"EUR",0.2422,NA,48848840,82.96493289,0,0,0,0,1.35110680212672e-06,NA,-0.255791281875785,3.23541824148751,2.35137525716348,1.09861228866811,-0.183900740888339,10.393233511209,-1.41799144786315,0,-13.514586447983,0,0,0,"Spain 2024",1.110811,0.6208379,80.315199821207,52.6,5778.5927,8.66191545451231,-0.288485583510673,2.74219313182372,10.2286003806697,0,0,21.2688571428571,0.25285,4.14814285714286,0.164633130539249,-0.01065,0,6.35917187071713,4.41841802321911,81.9591959528571,1.09822932857143,0.000236590784960298,0.820015071428571,79.8673919903073,0.179120414395999,1.39659992784993,79.8673919903073,-0.198281525558914,0,-0.0391204143959987,1.10340007215007,1.00573693714286,-0.0902040579517588,-27.2673919903073,1.23077182818725,-5.12840004252988,-17.0110940094495,NA,3.37677813058303,-0.999709129667643,-8.34917855493715
"205",23,"Sweden","2005",39.982,490,140,1,1,0.3,1,0.397486489614357,2022,2016,0,0,324171.178877581,"EUR",0.1365,1.39335e+11,9029572,94.14952824,0,0,0,0,1.55046108497723e-05,0.0725772793100961,-0.922594333856923,3.68842935283355,0,0,0,12.6890269851265,-1.99143066435712,0,-11.0743731040969,0,0,0,"Sweden 2005",1.82866,1.7023499,84.3499984741211,37.3,490,6.19440539110467,1.08339454278611,0.0816723577583299,12.9738364693826,0,0,52.32045,0.19590625,-12.33845,-0.28480948425613,-0.05940625,0,7.67069946789312,4.54488424436305,90.314544568,1.905608445,5.4266137974203e-05,1.77328155,86.4712607209158,0.293709020274292,1.09078326629797,86.4712607209158,1.06506967904065,0,0.00629097972570808,-0.0907832662979722,3.83498367199999,0.0183248637454563,-49.1712607209158,-1.23673823522039,-8.90743770311351,-16.0160155267062,116037,-4.35435114195913,-1.09438699544341,-9.82161013560152
"206",49,"Sweden","2006",41.734,3150,435,1.5,2,0.3,1,0.587392575995238,2022,2016,0,0,343317.800056274,"EUR",0.1498,1.38592e+11,9080505,93.92198789,0,0,0,0,4.79048246766011e-05,1.06495616132347,-0.532061899052614,3.73131614431119,0.405465108108164,0,0,12.7464118279597,-1.89845420789902,0,-9.94629433468233,0,0,0,"Sweden 2006",1.8190325,1.6759915,84.4553200620359,39.2,1575,7.36201055125973,1.05547308998071,1.19670935028743,12.9738364693826,0,0,52.32045,0.19590625,-10.58645,-0.2274246414229,-0.04610625,0,7.67069946789312,4.54246452163518,90.314544568,1.905608445,0.000346897006278836,1.77328155,86.4712607209158,0.293709020274292,1.09078326629797,86.4712607209158,1.06506967904065,0,0.00629097972570808,-0.0907832662979722,3.60744332199999,-0.00959658905994298,-47.2712607209158,-0.0691330750653325,-7.73983254295845,-15.3284931852111,3300,-7.91996261831644,-0.780704462511049,-7.96648263395133
"207",75,"Sweden","2007",43.224,8113.32,87441,2.83333333333333,6,0.3,1.16666666666667,0.571640981169369,2022,2016,0,0,362057.46509764,"EUR",0.15855,1.39581e+11,9148092,93.56552369,0,0,0,0,0.00955838660127161,0.384987093064843,-0.559244139958692,3.76639589654176,1.04145387482816,0,0,12.7995582215732,-1.84168527799778,0,-4.6503363317187,0,0,0,"Sweden 2007",1.9768861,1.7696028,84.5906875454778,39.9,1352.22,7.20950296525863,1.1902376207612,1.14172844683304,12.9738364693826,0,0,52.32045,0.19590625,-9.09645,-0.174278247809431,-0.03735625,0,7.67069946789312,4.53866197898564,90.314544568,1.905608445,0.000886886577004254,1.77328155,86.4712607209158,0.293709020274292,1.09078326629797,86.4712607209158,1.06506967904065,0,0.00629097972570808,0.0758834003686948,3.250979122,0.125167941720547,-46.5712607209158,-0.221640661066437,-7.89234012895955,-14.2372964216892,18640,-6.19599080267768,0.16661212168728,-7.02779345643058
"208",101,"Sweden","2008",43.922,6613.32,85403,2.83333333333333,6,0.3,1.16666666666667,0.568193226615564,2022,2016,0,0,367896.588553324,"EUR",0.1722,1.3709e+11,9219637,93.46076848,0,0,0,0,0.00926316296400824,0.239629167277969,-0.565293730408244,3.7824153335051,1.04145387482816,0,0,12.8155571682946,-1.75909868698851,0,-4.68170971585969,0,0,0,"Sweden 2008",1.9772535,1.7864323,84.7517366727063,40.9,1102.22,7.00508160681163,1.19809937420801,1.14695893983146,12.9738364693826,0,0,52.32045,0.19590625,-8.39845,-0.158279301088021,-0.02370625,0,7.67069946789312,4.53754175979358,90.314544568,1.905608445,0.0007173080675519,1.77328155,86.4712607209158,0.293709020274292,1.09078326629797,86.4712607209158,1.06506967904065,0,0.00629097972570808,0.0758834003686948,3.146223912,0.133029695167357,-45.5712607209158,-0.426062019513432,-8.09676148740655,-14.2450867545969,50080,-5.21546921805099,0.178079474469991,-7.24000514778528
"209",127,"Sweden","2009",47.024,12555,80995,2.66666666666667,9,0.3,1.11111111111111,0.581597885109991,2022,2016,0,0,357490.954200751,"EUR",0.1624,1.31509e+11,9298515,93.34824166,0,0,0,0,0.00871053066000324,0.489213797140087,-0.541975989100266,3.85065810967656,0.980829253011726,0,0,12.7868653378611,-1.81769285125456,0,-4.74322256460009,0,0,0,"Sweden 2009",2.0610008,1.760236,84.9341031919813,42.4,1395,7.24064969425547,1.22427464806291,1.1726656941229,12.9738364693826,0,0,52.32045,0.19590625,-5.29645,-0.18697113152148,-0.03350625,0,7.67069946789312,4.53633703381676,90.314544568,1.905608445,0.00135021559894241,1.77328155,86.4712607209158,0.293709020274292,1.09078326629797,86.4712607209158,1.06506967904065,0,0.00629097972570808,0.0203278448131388,3.033697092,0.159204969022261,-44.0712607209158,-0.1904939320696,-7.86119339996272,-13.8481406906181,66580,-4.93920575682532,0.328954277434444,-6.60749099636265
"210",153,"Sweden","2010",46.099,87013.5,89587,2.27450980392157,51,0.3,1.01960784313726,0.614928958290455,2022,2016,0,0,378701.885643251,"EUR",0.18985,1.40065e+11,9378126,92.56365861,0,0,0,0,0.00955276139390748,1.65776899912877,-0.486248532822858,3.83079125779336,0.821764558382039,0,0,12.8445045931309,-1.66152099230433,0,-4.65092501509115,0,0,0,"Sweden 2010",1.9458769,1.7481133,85.1334228515625,42.3,1706.14705882353,7.44199292528819,1.13259961375016,1.34189428529619,12.9738364693826,0,0,52.32045,0.19590625,-6.22145,-0.129331876251729,-0.00605625000000001,0,7.67069946789312,4.52789660900572,90.314544568,1.905608445,0.00927834622823366,1.77328155,86.4712607209158,0.293709020274292,1.09078326629797,86.4712607209158,1.06506967904065,0,0.00629097972570808,-0.0711754231607171,2.249114042,0.0675299347095051,-44.1712607209158,0.0108492989631284,-7.65985016892999,-12.1220648815177,916423,-2.32565718678508,0.982038574186396,-4.68007195622947
"211",179,"Sweden","2011",47.632,39488.32,87165,3.4,10,0.3,1.1,0.616082302050693,2022,2016,0,0,392076.779304266,"EUR",0.2068,1.32575e+11,9449213,92.47848346,0,0,0,0,0.00922457775054917,0.589081007705222,-0.484374717148116,3.86350480427342,1.22377543162212,0,0,12.8792129651656,-1.57600313634786,0,-4.68588386240132,0,0,0,"Sweden 2011",1.9837783,2.0657526,85.3600748880524,42.8,3948.832,8.28117511796589,1.34943702679161,1.38913387190765,12.9738364693826,0,0,52.32045,0.19590625,-4.68845,-0.09462350421704,0.01089375,0,7.67069946789312,4.52697600621694,90.314544568,1.905608445,0.00417900623046597,1.77328155,86.4712607209158,0.293709020274292,1.09078326629797,86.4712607209158,1.06506967904065,0,0.00629097972570808,0.00921673370202791,2.163938892,0.284367347750955,-43.6712607209158,0.850031491640828,-6.82066797625229,-13.7588569225846,138409,-4.22347366662548,0.52355001018479,-5.4776818046187
"212",205,"Sweden","2012",49.403,34338.32,85303,2.88888888888889,9,0.3,1.11111111111111,0.613089040327393,2022,2016,0,0,391254.193815686,"EUR",0.2055,1.36028e+11,9519374,92.46504789,0,0,0,0,0.00896098840112806,0.394285778904666,-0.489245100205281,3.9000111510949,1.06087196068526,0,0,12.8771127397968,-1.58230924504585,0,-4.71487474545339,0,0,0,"Sweden 2012",1.9998087,2.0214291,85.6250668883122,43.5,3815.36888888889,8.24679263337919,1.33010116444417,1.38989650533602,12.9738364693826,0,0,52.32045,0.19590625,-2.91745,-0.0967237295858094,0.00959374999999998,0,7.67069946789312,4.52683071246241,90.314544568,1.905608445,0.00360720358292468,1.77328155,86.4712607209158,0.293709020274292,1.09078326629797,86.4712607209158,1.06506967904065,0,0.00629097972570808,0.0203278448131388,2.15050332199999,0.265031485403517,-42.9712607209158,0.815649007054122,-6.855050460839,-13.8716150709668,134341,-4.26070302571052,0.481567224079049,-5.62482243758758
"213",231,"Sweden","2013",50.153,35998.32,84168,2.5,12,0.28,1.16666666666667,0.615995168538922,2022,2016,0,0,396336.019650891,"EUR",0.20735,1.33161e+11,9600379,92.14831705,0,0,0,0,0.00876715388007078,0.461059043344292,-0.484516158760346,3.91507833315715,0.916290731874155,0,0,12.8900176649067,-1.57334709228975,0,-4.73674305433732,0,0,0,"Sweden 2013",1.9430235,1.9712278,85.9249771259894,44.9,2999.86,8.00632089989466,1.25916077845558,1.39852320189036,12.9738364693826,0,0,52.32045,0.19590625,-2.16745,-0.0838188044758805,0.01144375,0,7.67069946789312,4.52339942079116,90.314544568,1.905608445,0.00374967696587812,1.77328155,86.4712607209158,0.293709020274292,1.09078326629797,86.4712607209158,1.06506967904065,0,-0.0137090202742919,0.0758834003686948,1.833772482,0.194091099414931,-41.5712607209158,0.575177273569591,-7.09552219432353,-13.5924064850374,131318,-4.29193599329848,0.52898624001227,-5.58608558514279
"214",257,"Sweden","2014",51.151,59738.32,85664,2.8125,16,0.3,1.125,0.633292949638751,2022,2016,0,0,408789.297976199,"EUR",0.1917,1.30705e+11,9696110,92.09711922,0,0,0,0,0.0088348832676197,0.526427875383587,-0.456822168256996,3.93478204254866,1.03407376753054,0,0,12.9209551384101,-1.65182362893054,0,-4.72904738579129,0,0,0,"Sweden 2014",1.916558,1.7257536,86.2563838747314,46,3733.645,8.22514024727349,1.08993500652884,1.49111234413227,12.9738364693826,0,0,52.32045,0.19590625,-1.16945,-0.0528813309725304,-0.00420624999999999,0,7.67069946789312,4.52284366394471,90.314544568,1.905608445,0.00616106046651698,1.77328155,86.4712607209158,0.293709020274292,1.09078326629797,86.4712607209158,1.06506967904065,0,0.00629097972570808,0.0342167337020278,1.78257465199999,0.024865327488188,-40.4712607209158,0.793996620948428,-6.87670284694469,-13.3146466098716,123899,-4.36001333555173,0.635416067769837,-5.08950636259809
"215",283,"Sweden","2015",52.22,51088.32,83501,2.52941176470588,17,0.282222222222222,1.17647058823529,0.619097768735148,2022,2016,0,0,431764.026114006,"EUR",0.1874,1.32524e+11,9799186,87.54148785,0,0,0,0,0.00852121798688177,0.391549219488422,-0.479492072509402,3.95546556327098,0.927986771637346,0,0,12.9756344821379,-1.67450990917782,0,-4.7651959921514,0,0,0,"Sweden 2015",1.8309837,1.7858201,86.6158654081858,46.5,3005.19529411765,8.00809783458058,0.956647151887785,1.42236952755418,12.9738364693826,0,0,52.32045,0.19590625,-0.100450000000002,0.00179801275529989,-0.00850624999999999,0,7.67069946789312,4.47211282784861,90.314544568,1.905608445,0.00521352691948086,1.77328155,86.4712607209158,0.293709020274292,1.09078326629797,86.4712607209158,1.06506967904065,0,-0.0114867980520697,0.0856873219373218,-2.77305671800001,-0.108422527152868,-39.9712607209158,0.576954208255512,-7.09374525963761,-13.2645965349103,122665,-4.3805975375324,0.617867890951045,-5.25649870032974
"216",309,"Sweden","2016",52.597,73188.32,82557,2.37037037037037,27,0.3,1.07407407407407,0.639793868611251,2022,2016,0,0.0831726964939224,442685.011768014,"EUR",0.1962,1.35706e+11,9923085,87.56673688,0,0,0,0,0.00831969090257717,0.576052595987695,-0.446609234802338,3.96265908389662,0.863046217355343,0,-2.48683615215395,13.0006137617387,-1.62862073185087,0,-4.78913017597169,0,0,0,"Sweden 2016",1.8116503,1.8059922,87,47.3,2710.67851851852,7.90495425837204,0.959412097485566,1.49210306674806,12.9738364693826,0,0,52.32045,0.19590625,0.27655,0.0267772923561296,0.000293750000000009,0,7.67069946789312,4.47240120985024,90.314544568,1.905608445,0.00737556112841924,1.77328155,86.4712607209158,0.293709020274292,1.09078326629797,86.4712607209158,1.06506967904065,0,0.00629097972570808,-0.0167091922238982,-2.74780768800001,-0.105657581555087,-39.1712607209158,0.473810632046973,-7.19688883584614,-12.8145375528132,128592,-4.34597453836507,0.735071824937078,-4.9095832944412
"217",335,"Sweden","2017",53.39,85373.82,90012,2.57692307692308,26,0.26605704492594,1.15384615384615,0.662487104648576,2022,2016,0,0.167981614866075,454886.794174969,"EUR",0.1962875,1.35763e+11,10057698,88.44374412,0,0,0,0,0.00894956281248453,0.709709072334826,-0.411754185992594,3.9776234625121,0.946596081369484,0,-1.78390074088834,13.0278038629652,-1.62817485777107,0,-4.71615059565556,0,0,0,"Sweden 2017",1.8765903,1.7455157,87.237373786911,47.4,3283.60846153846,8.09669823737981,0.98090059406336,1.71028898096317,12.9738364693826,0,0,52.32045,0.19590625,1.06955,0.0539673935825906,0.00038125,0,7.67069946789312,4.48236669023561,90.314544568,1.905608445,0.00848840559738421,1.77328155,86.4712607209158,0.293709020274292,1.09078326629797,86.4712607209158,1.06506967904065,0,-0.0276519753483524,0.0630628875481818,-1.870800448,-0.0841690849772936,-39.0712607209158,0.665554611054746,-7.00514485683837,-12.8657523313917,156573,-4.16257123553242,0.760198316121305,-4.7690540940119
"218",361,"Sweden","2018",53.916,91420.93,103705,2.56666666666667,30,0.270299914310197,1.13333333333333,0.618845360224646,2022,2016,0,0.310025518872388,469556.414243474,"EUR",0.196375,1.3564e+11,10175214,88.09514775,0,0,0,0,0.0101919232362091,0.670939226427898,-0.479899859439342,3.98742727987602,0.942608040191529,0,-1.17110066594778,13.0595437285451,-1.62772918240635,0,-4.58615971194982,0,0,0,"Sweden 2018",1.9184315,1.7593836,87.4737430925296,47.6,3047.36433333333,8.02203234300054,1.0028526252084,1.40841469613462,12.9738364693826,0,0,52.32045,0.19590625,1.59555,0.0857072591625201,0.00046874999999999,0,7.67069946789312,4.47841745480788,90.314544568,1.905608445,0.00898466902022896,1.77328155,86.4712607209158,0.293709020274292,1.09078326629797,86.4712607209158,1.06506967904065,0,-0.0234091059640948,0.0425500670353609,-2.21939681800001,-0.0622170538322484,-38.8712607209158,0.590888716675473,-7.07981075121764,-12.7342679393506,297367,-3.53274297582909,0.830748955828626,-4.7122355963501
"219",387,"Sweden","2019",55.785,71420.48,73796,3.25,20,0.273551487851186,1.2,0.672221325635916,2022,2016,0,0.5,488514.174735066,"EUR",0.1964625,1.31688e+11,10278887,88.04211147,0,0,0,0,0.00717937652199115,0.540258881114613,-0.397167639059112,4.02150501604514,1.17865499634165,0,-0.693147180559945,13.0991237669019,-1.62728370557969,0,-4.93654273506969,0,0,0,"Sweden 2019",1.8924006,1.7778065,87.7088420242759,48.4,3571.024,8.18060766837836,0.998741791850477,1.71233284059519,12.9738364693826,0,0,52.32045,0.19590625,3.46455,0.12528729751927,0.000556250000000008,0,7.67069946789312,4.47781523944655,90.314544568,1.905608445,0.00694826978835354,1.77328155,86.4712607209158,0.293709020274292,1.09078326629797,86.4712607209158,1.06506967904065,0,-0.0201575324231062,0.109216733702028,-2.27243309800001,-0.0663278871901768,-38.0712607209158,0.749464042053295,-6.92123542583982,-13.1498702700934,273544,-3.62638477822886,0.687505845669906,-4.969262601715
"220",413,"Sweden","2020",60.124,313622.55,193678,2.21768707482993,147,0.293318806911384,1.04761904761905,0.634669008732219,2022,2016,0,0.689974481127613,484172.799731722,"EUR",0.19655,1.30531e+11,10353442,87.31060898,0,0,0,0,0.0187066291577236,0.638766442569503,-0.454651662076409,4.09640909627098,0.796464794587971,0,-0.371100665947778,13.0901971462199,-1.62683842711427,0,-3.97887731752899,0,0,0,"Sweden 2020",1.980777,1.715293,87.9424046895699,49.2,2133.48673469388,7.66551288498223,0.987863764173857,1.45228939142171,12.9738364693826,0,0,52.32045,0.19590625,7.80355,0.11636067683729,0.000643749999999998,0,7.67069946789312,4.46947197871535,90.314544568,1.905608445,0.0302916218587017,1.77328155,86.4712607209158,0.293709020274292,1.09078326629797,86.4712607209158,1.06506967904065,0,-0.000390213362908232,-0.0431642186789243,-3.003935588,-0.0772059148667967,-37.2712607209158,0.234369258657166,-7.43633020923595,-11.1623969959974,2234104,-1.53347877198078,1.39743662866153,-3.49688411101521
"221",439,"Sweden","2021",62.527,123486.64,36081,1.85714285714286,63,0.302182732316227,1.01587301587302,0.634669008732219,2022,2016,0,0.832018385133924,520147.687011602,"EUR",0.2359,135592999999.999,10415811,87.27309453,0,0,0,0,0.00346406055178997,0.331181143555758,-0.454651662076409,4.13559846345722,0.619039208406224,0,-0.183900740888339,13.1618680637173,-1.44434729256851,0,-5.66531380812585,0,0,0,"Sweden 2021",1.9668155,1.6807618,88.1741651958315,49.3,1960.1053968254,7.58075352466931,0.957655279843577,1.45228939142171,12.9738364693826,0,0,52.32045,0.19590625,10.20655,0.188031594334669,0.03999375,0,7.67069946789312,4.46904221981091,90.314544568,1.905608445,0.0118556913139073,1.77328155,86.4712607209158,0.293709020274292,1.09078326629797,86.4712607209158,1.06506967904065,0,0.00847371204193548,-0.0749102504249561,-3.04145003800001,-0.107414399197076,-37.1712607209158,0.149609898344242,-7.52108956954888,-12.015700771713,NA,-1.53347877198078,0.955455673055684,-4.43494724704373
"222",465,"Sweden","2022",66.287,123486.64,36081,1.85714285714286,63,0.302182732316227,1.01587301587302,0.634669008732219,2022,2016,0,0.916827303506078,554634.092057922,"EUR",0.2509,1.30231e+11,10486941,87.27309453,0,0,0,0,0.00344056479387078,0.292711711848663,-0.454651662076409,4.19399379953456,0.619039208406224,0,-0.0868361521539496,13.2260638817096,-1.38270082560976,0,-5.67211963680883,0,0,0,"Sweden 2022",1.9149251,1.6240804,88.4038576504809,52.4,1960.1053968254,7.58075352466931,0.893967323296094,1.45228939142171,12.9738364693826,0,0,52.32045,0.19590625,13.96655,0.252227412327059,0.05499375,0,7.67069946789312,4.46904221981091,90.314544568,1.905608445,0.0117752774617498,1.77328155,86.4712607209158,0.293709020274292,1.09078326629797,86.4712607209158,1.06506967904065,0,0.00847371204193548,-0.0749102504249561,-3.04145003800001,-0.171102355744559,-34.0712607209158,0.149609898344242,-7.52108956954888,-12.022506600396,NA,-1.53347877198078,0.952734421701815,-4.44175307572672
"223",491,"Sweden","2023",66.393,123486.64,36081,1.85714285714286,63,0.302182732316227,1.01587301587302,0.634669008732219,2022,2016,1,0.960834277203236,583031.370935229,"EUR",0.24215,1.28015e+11,10536632,87.27309453,0,0,0,0,0.00342433901079586,0.571024734360052,-0.454651662076409,4.19559162923838,0.619039208406224,0,-0.0399533331624303,13.2759962733793,-1.4181979101329,0,-5.67684681544148,0,0,0,"Sweden 2023",1.6930218,1.6722947,88.631216160938,54.1,1960.1053968254,7.58075352466931,0.803233653554935,1.45228939142171,12.9738364693826,0,0,52.32045,0.19590625,14.07255,0.30215980399675,0.04624375,0,7.67069946789312,4.46904221981091,90.314544568,1.905608445,0.0117197449811287,1.77328155,86.4712607209158,0.293709020274292,1.09078326629797,86.4712607209158,1.06506967904065,0,0.00847371204193548,-0.0749102504249561,-3.04145003800001,-0.261836025485719,-32.3712607209158,0.149609898344242,-7.52108956954888,-12.0272337790287,NA,-1.53347877198078,0.950844300475837,-4.44648025435937
"224",517,"Sweden","2024",62.846,123486.64,36081,1.85714285714286,63,0.302182732316227,1.01587301587302,0.634669008732219,2022,2016,2,0.982013790037908,603596.844529968,"EUR",0.23925,NA,10569709,87.27309453,0,0,0,0,0.00341362283483869,NA,-0.454651662076409,4.14068728941505,0.619039208406224,0.693147180559945,-0.0181499279178097,13.3106617781119,-1.43024624864907,0,-5.67998113674132,0,0,0,"Sweden 2024",1.7746948,1.6717941,88.8559748346228,54.4,1960.1053968254,7.58075352466931,0.847406433679703,1.45228939142171,12.9738364693826,0,0,52.32045,0.19590625,10.52555,0.33682530872936,0.04334375,0,7.67069946789312,4.46904221981091,90.314544568,1.905608445,0.0116830690419197,1.77328155,86.4712607209158,0.293709020274292,1.09078326629797,86.4712607209158,1.06506967904065,0,0.00847371204193548,-0.0749102504249561,-3.04145003800001,-0.21766324536095,-32.0712607209158,0.149609898344242,-7.52108956954888,-12.0303681003285,NA,-1.53347877198078,0.949591069388495,-4.4496145756592
